Country,Name,Category,Class,Soldiers,Morale,Discipline,Training,Recruitment cost,Upkeep cost,Weapon upgrade,Armour upgrade,Primary weapon,Primary_Attack,Charge bonus,Total defence,Armour,Defence skill,Shield,Hit points,Can board ships,Can hide in forest,Can withdraw,Weapon attributes,Can be supported free in a city,Hardy,Range,Ammunition,Secondary weapon,Secondary_Attack,Mount,Can form up and charge,Very hardy,Cantabrian circle,Gunpowder weapon,Tertiary weapon,Teriary_Attack,Fire by rank,Skirmish mode off by default,Knight,Exploding shot,Can hide anywhere on the battlefield,Can hide in forest - improved,Can place stakes,Scare horses,melee_armour_piercing,ranged_armour_piercing,bonus_against_cavalry
The Byzantine Empire,Peasants,Infantry,Light,60,1,Low,Untrained,110,90,65,50,peasant,4,0,3,0,3,0,1,True,True,True,,0,0,0.0,0.0,0,0.0,0,0,0,0,0,0,0.0,0,0,0,0,0,0,0,0,False,False,0
The Byzantine Empire,Town Militia,Infantry,Light,48,3,Normal,Trained,230,100,65,50,spearman,5,2,7,0,1,6,1,True,True,True,Bonus vs. cavalry = 4,True,0,0.0,0.0,0,0.0,0,0,0,0,0,0,0.0,0,0,0,0,0,0,0,0,False,False,4
The Byzantine Empire,Byzantine Spearmen,Infantry,Spearmen,60,3,Normal,Trained,310,155,75,60,billman,5,2,7,0,1,6,1,True,True,True,Bonus vs. cavalry = 8,0,0,0.0,0.0,0,0.0,0,0,0,0,0,0,0.0,0,0,0,0,0,0,0,0,False,False,8
The Byzantine Empire,Spear Militia,Infantry,Spearmen,60,3,Normal,Trained,310,125,75,60,billman,5,2,7,0,1,6,1,True,True,True,Bonus vs. cavalry = 8,True,0,0.0,0.0,0,0.0,0,0,0,0,0,0,0.0,0,0,0,0,0,0,0,0,False,False,8
The Byzantine Empire,Byzantine Infantry,Infantry,Heavy,48,5,Normal,Trained,400,125,75,55,knight,11,2,18,5,7,6,1,True,True,True,,0,0,0.0,0.0,0,0.0,0,0,0,0,0,0,0.0,0,0,0,0,0,0,0,0,False,False,0
The Byzantine Empire,Dismounted Byzantine Lancers,Infantry,Heavy,48,5,Normal,Trained,440,150,75,55,knight,11,2,18,5,7,6,1,True,True,True,,0,True,0.0,0.0,0,0.0,0,0,0,0,0,0,0.0,0,0,0,0,0,0,0,0,False,False,0
The Byzantine Empire,Dismounted Latinkon,Infantry,Heavy,48,9,Normal,Trained,630,225,90,70,knight,13,3,21,7,8,6,1,True,True,True,,0,True,0.0,0.0,0,0.0,0,0,0,0,0,0,0.0,0,0,0,0,0,0,0,0,False,False,0
The Byzantine Empire,Varangian Guard,Infantry,Heavy,48,11,Normal,Highly trained,520,175,100,75,axeman,20,6,15,7,5,3,1,True,True,True,Armour piercing,0,True,0.0,0.0,0,0.0,0,0,0,0,0,0,0.0,0,0,0,0,0,0,0,0,True,False,0
The Byzantine Empire,Archer Militia,Infantry,Missile,48,3,Normal,Untrained,250,100,65,50,archer,5,1,3,0,3,0,1,True,True,True,,True,0,120.0,30.0,Weak sword (Melee),6.0,0,0,0,0,0,0,0.0,0,0,0,0,0,0,0,0,False,False,0
The Byzantine Empire,Byzantine Guard Archers,Infantry,Missile,48,9,Normal,Highly trained,710,175,90,70,archer,9,3,16,5,8,3,1,True,True,True,,0,True,160.0,30.0,Sword (Melee),11.0,0,0,0,0,0,0,0.0,0,0,0,0,0,0,0,0,False,False,0
The Byzantine Empire,Peasant Archers,Infantry,Missile,48,3,Normal,Untrained,220,100,65,50,archer,5,1,1,0,1,0,1,True,True,True,,0,0,120.0,30.0,Knife (Melee),2.0,0,0,0,0,0,0,0.0,0,0,0,0,0,0,0,0,False,False,0
The Byzantine Empire,Trebizond Archers,Infantry,Missile,48,5,Normal,Trained,460,150,75,55,archer,9,2,7,0,4,3,1,True,True,True,,0,0,160.0,30.0,Weak sword (Melee),8.0,0,0,0,0,0,0,0.0,0,0,0,0,0,0,0,0,False,False,0
The Byzantine Empire,Militia Cavalry,Cavalry,Light,32,3,Normal,Untrained,320,150,90,70,cavalry,7,2,10,4,3,3,1,True,True,True,,True,0,0.0,0.0,Cavalry sword (Melee),7.0,Heavy horse,True,0,0,0,0,0.0,0,0,0,0,0,0,0,0,False,False,0
The Byzantine Empire,Byzantine Lancers,Cavalry,Heavy,32,5,Disciplined,Highly trained,500,210,100,75,cavalry,8,3,13,5,4,4,1,True,True,True,,0,True,0.0,0.0,Cavalry sword (Melee),9.0,Heavy horse,True,0,0,0,0,0.0,0,0,0,0,0,0,0,0,False,False,0
The Byzantine Empire,General's Bodyguard,Cavalry,Heavy,16,11,Disciplined,Highly trained,820,250,120,95,cavalry,13,4,34,7,6,4,2,True,True,True,,0,0,0.0,0.0,Cavalry sword (Melee),14.0,Easternarmoured horse,0,True,0,0,0,0.0,0,0,0,0,0,0,0,0,False,False,0
The Byzantine Empire,Kataphractoi,Cavalry,Heavy,32,9,Disciplined,Highly trained,790,250,120,95,cavalry,10,4,16,8,5,3,1,True,True,True,Armour piercing,0,True,0.0,0.0,Cavalry mace (Melee),10.0,Easternarmoured horse,True,0,0,0,0,0.0,0,0,0,0,0,0,0,0,True,False,0
The Byzantine Empire,Latinkon,Cavalry,Heavy,32,9,Impetuous,Trained,730,250,120,95,cavalry,10,4,15,7,4,4,1,True,True,True,,0,True,0.0,0.0,Cavalry sword (Melee),11.0,Heavy horse,True,0,0,0,0,0.0,0,0,0,0,0,0,0,0,False,False,0
Denmark,Peasants,Infantry,Light,60,1,Low,Untrained,110,90,65,50,peasant,4,0,3,0,3,0,1,True,True,True,,0,0,0.0,0.0,0,0.0,0,0,0,0,0,0,0.0,0,0,0,0,0,0,0,0,False,False,0
Denmark,Town Militia,Infantry,Light,60,3,Normal,Trained,290,125,75,60,spearman,5,2,7,0,1,6,1,True,True,True,Bonus vs. cavalry = 4,True,0,0.0,0.0,0,0.0,0,0,0,0,0,0,0.0,0,0,0,0,0,0,0,0,False,False,4
Denmark,Spear Militia,Infantry,Spearmen,60,3,Normal,Trained,310,125,75,60,billman,5,2,7,0,1,6,1,True,True,True,Bonus vs. cavalry = 8,True,0,0.0,0.0,0,0.0,0,0,0,0,0,0,0.0,0,0,0,0,0,0,0,0,False,False,8
Denmark,Dismounted Feudal Knights,Infantry,Heavy,48,9,Normal,Trained,570,225,90,70,knight,13,3,21,7,8,6,1,True,True,True,,0,True,0.0,0.0,0,0.0,0,0,0,0,0,0,0.0,0,0,0,0,0,0,0,0,False,False,0
Denmark,Norse Axemen,Infantry,Heavy,48,9,Normal,Trained,700,150,90,70,axeman,17,6,11,7,4,0,1,True,True,True,Armour piercing,0,True,0.0,0.0,0,0.0,0,0,0,0,0,0,0.0,0,0,0,0,0,0,0,0,True,False,0
Denmark,Norse Swordsmen,Infantry,Heavy,48,5,Normal,Trained,400,150,75,55,knight,11,2,18,5,7,6,1,True,True,True,,0,0,0.0,0.0,0,0.0,0,0,0,0,0,0,0.0,0,0,0,0,0,0,0,0,False,False,0
Denmark,Obudshaer,Infantry,Heavy,48,9,Normal,Trained,720,150,90,70,billman,9,4,12,8,4,0,1,True,True,True,"Armour piercing, Bonus vs. cavalry = 4",0,True,0.0,0.0,Halberd secondary (Melee),8.0,0,0,0,0,0,0,0.0,0,0,0,0,0,0,0,0,True,False,4
Denmark,Sword Staff Militia,Infantry,Heavy,48,5,Normal,Trained,550,150,75,55,billman,7,3,10,7,3,0,1,True,True,True,"Armour piercing, Bonus vs. cavalry = 4",True,0,0.0,0.0,Halberd secondary (Melee),6.0,0,0,0,0,0,0,0.0,0,0,0,0,0,0,0,0,True,False,4
Denmark,Crossbowmen,Infantry,Missile,48,3,Normal,Trained,330,125,65,50,crossbow,9,1,8,5,3,0,1,True,True,True,Armour piercing,0,0,120.0,30.0,Weak sword (Melee),6.0,0,0,0,0,0,0,0.0,0,0,0,0,0,0,0,0,False,True,0
Denmark,Crossbow Militia,Infantry,Missile,48,3,Normal,Untrained,220,100,65,50,crossbow,9,1,1,0,1,0,1,True,True,True,Armour piercing,True,0,120.0,30.0,Knife (Melee),2.0,0,0,0,0,0,0,0.0,0,0,0,0,0,0,0,0,False,True,0
Denmark,Norse Archers,Infantry,Missile,48,5,Normal,Trained,480,125,75,55,archer,7,2,16,4,6,6,1,True,True,True,,0,0,120.0,30.0,Sword (Melee),11.0,0,0,0,0,0,0,0.0,0,0,0,0,0,0,0,0,False,False,0
Denmark,Peasant Archers,Infantry,Missile,48,3,Normal,Untrained,220,100,65,50,archer,5,1,1,0,1,0,1,True,True,True,,0,0,120.0,30.0,Knife (Melee),2.0,0,0,0,0,0,0,0.0,0,0,0,0,0,0,0,0,False,False,0
Denmark,Scouts,Cavalry,Light,32,3,Normal,Untrained,410,150,90,70,cavalry,7,2,11,4,3,4,1,True,True,True,Armour piercing,0,0,0.0,0.0,Cavalry axe (Melee),7.0,Pony,True,0,0,0,0,0.0,0,0,0,0,0,0,0,0,True,False,0
Denmark,Chivalric Knights,Cavalry,Heavy,32,11,Impetuous,Trained,930,250,130,100,cavalry,13,4,17,8,5,4,1,True,True,True,,0,True,0.0,0.0,Cavalry sword (Melee),14.0,Barded horse,True,0,0,0,0,0.0,0,0,True,0,0,0,0,0,False,False,0
Denmark,Feudal Knights,Cavalry,Heavy,32,9,Impetuous,Trained,730,250,120,95,cavalry,10,4,16,7,5,4,1,True,True,True,,0,True,0.0,0.0,Cavalry sword (Melee),11.0,Barded horse,True,0,0,0,0,0.0,0,0,True,0,0,0,0,0,False,False,0
Denmark,General's Bodyguard Early,Cavalry,Heavy,16,11,Normal,Trained,820,250,120,95,cavalry,13,4,32,7,5,4,2,True,True,True,,0,0,0.0,0.0,Cavalry sword (Melee),14.0,Barded horse,0,True,0,0,0,0.0,0,0,0,0,0,0,0,0,False,False,0
Denmark,General's Bodyguard Late,Cavalry,Heavy,16,11,Normal,Trained,870,250,120,95,cavalry,13,4,34,9,5,3,2,True,True,True,,0,0,0.0,0.0,Cavalry sword (Melee),14.0,Armoured horse,0,True,0,0,0,0.0,0,0,0,0,0,0,0,0,False,False,0
Denmark,Knights Hospitaller,Cavalry,Heavy,32,11,Normal,Highly trained,880,250,130,100,cavalry,13,4,16,7,5,4,1,True,True,True,,0,True,0.0,0.0,Cavalry sword (Melee),14.0,Barded horse,True,0,0,0,0,0.0,0,0,True,0,0,0,0,0,False,False,0
Denmark,Knights Templar,Cavalry,Heavy,32,11,Impetuous,Highly trained,880,250,130,100,cavalry,13,4,16,7,5,4,1,True,True,True,,0,True,0.0,0.0,Cavalry sword (Melee),14.0,Mailed horse,True,0,0,0,0,0.0,0,0,True,0,0,0,0,0,False,False,0
Denmark,Merchant Cavalry Militia,Cavalry,Heavy,32,3,Normal,Untrained,370,210,90,70,cavalry,6,2,14,7,3,4,1,True,True,True,,True,0,0.0,0.0,0,0.0,Heavy horse,True,0,0,0,0,0.0,0,0,0,0,0,0,0,0,False,False,0
Egypt,Peasants,Infantry,Light,60,1,Low,Untrained,90,90,65,50,peasant,1,0,1,0,1,0,1,True,True,True,,0,0,0.0,0.0,0,0.0,0,0,0,0,0,0,0.0,0,0,0,0,0,0,0,0,False,False,0
Egypt,Dismounted Arab Cavalry,Infantry,Spearmen,48,5,Normal,Trained,430,150,75,55,billman,7,3,13,4,3,6,1,True,True,True,Bonus vs. cavalry = 8,0,0,0.0,0.0,0,0.0,0,0,0,0,0,0,0.0,0,0,0,0,0,0,0,0,False,False,8
Egypt,Nubian Spearmen,Infantry,Spearmen,60,5,Normal,Trained,400,155,85,65,spearman,7,3,9,0,3,6,1,True,True,True,Bonus vs. cavalry = 4,0,0,0.0,0.0,0,0.0,0,0,0,0,0,0,0.0,0,0,0,0,0,0,0,0,False,False,4
Egypt,Saracen Militia,Infantry,Spearmen,60,5,Normal,Trained,490,155,85,65,billman,7,3,14,5,3,6,1,True,True,True,Bonus vs. cavalry = 8,True,0,0.0,0.0,0,0.0,0,0,0,0,0,0,0.0,0,0,0,0,0,0,0,0,False,False,8
Egypt,Spear Militia,Infantry,Spearmen,60,3,Normal,Trained,310,125,75,60,billman,5,2,7,0,1,6,1,True,True,True,Bonus vs. cavalry = 8,True,0,0.0,0.0,0,0.0,0,0,0,0,0,0,0.0,0,0,0,0,0,0,0,0,False,False,8
Egypt,Halberd Militia,Infantry,Heavy,48,5,Normal,Trained,510,150,75,55,axe,7,3,8,5,3,0,1,True,True,True,"Armour piercing, Bonus vs. cavalry = 4",True,0,0.0,0.0,0,0.0,0,0,0,0,0,0,0.0,0,0,0,0,0,0,0,0,True,False,4
Egypt,Hashashim,Infantry,Heavy,24,11,Disciplined,Trained,840,250,110,85,knight,16,3,42,6,9,6,2,True,0,True,,0,0,0.0,0.0,0,0.0,0,0,True,0,0,0,0.0,0,0,0,0,True,True,0,0,False,False,0
Egypt,Tabardariyya,Infantry,Heavy,48,11,Normal,Highly trained,490,175,100,75,axeman,20,6,11,6,5,0,1,True,True,True,Armour piercing,0,0,0.0,0.0,0,0.0,0,0,True,0,0,0,0.0,0,0,0,0,0,0,0,0,True,False,0
Egypt,Archer Militia,Infantry,Missile,48,3,Normal,Untrained,220,100,65,50,archer,5,1,1,0,1,0,1,True,True,True,,True,0,120.0,30.0,Knife (Melee),2.0,0,0,0,0,0,0,0.0,0,0,0,0,0,0,0,0,False,False,0
Egypt,Desert Archers,Infantry,Missile,48,3,Normal,Untrained,440,100,65,50,archer,7,1,6,0,3,3,1,True,True,True,,0,0,160.0,30.0,Weak sword (Melee),6.0,0,0,True,0,0,0,0.0,0,0,0,0,0,0,0,0,False,False,0
Egypt,Nubian Archers,Infantry,Missile,48,3,Normal,Trained,470,125,65,50,archer,7,2,4,0,1,3,1,True,True,True,Armour piercing,0,0,160.0,30.0,Mace (Melee),7.0,0,0,0,0,0,0,0.0,0,0,0,0,0,0,0,0,False,True,0
Egypt,Peasant Archers,Infantry,Missile,48,3,Low,Untrained,220,100,65,50,archer,5,1,1,0,1,0,1,True,True,True,,0,0,120.0,30.0,Knife (Melee),2.0,0,0,0,0,0,0,0.0,0,0,0,0,0,0,0,0,False,False,0
Egypt,Arab Cavalry,Cavalry,Light,32,5,Normal,Trained,510,175,100,75,cavalry,9,3,13,4,5,4,1,True,True,True,,0,0,0.0,0.0,Cavalry sword (Melee),9.0,Heavy horse,True,0,0,0,0,0.0,0,0,0,0,0,0,0,0,False,False,0
Egypt,Bodyguard Early,Cavalry,Heavy,16,11,Disciplined,Trained,900,250,120,95,cavalry,14,4,36,7,7,4,2,True,True,True,,0,0,0.0,0.0,Cavalry sword (Melee),14.0,Easternarmoured horse,0,True,0,0,0,0.0,0,0,0,0,0,0,0,0,False,False,0
Egypt,Bodyguard Late,Cavalry,Heavy,16,11,Disciplined,Trained,1070,250,120,95,cavalry,13,4,38,9,6,4,2,True,True,True,Armour piercing,0,0,0.0,0.0,Cavalry mace (Melee),13.0,Easternarmoured horse,0,True,0,0,0,0.0,0,0,0,0,0,0,0,0,True,False,0
Egypt,Mamluks,Cavalry,Heavy,32,9,Disciplined,Highly trained,820,210,120,95,cavalry,11,4,15,6,6,3,1,True,True,True,Armour piercing,0,True,0.0,0.0,Cavalry mace (Melee),10.0,Heavy horse,True,0,0,0,0,0.0,0,0,0,0,0,0,0,0,True,False,0
Egypt,Royal Mamluks,Cavalry,Heavy,32,11,Disciplined,Highly trained,1050,250,130,100,cavalry,14,4,17,6,7,4,1,True,True,True,Armour piercing,0,0,0.0,0.0,Cavalry mace (Melee),13.0,Easternarmoured horse,True,True,0,0,0,0.0,0,0,0,0,0,0,0,0,True,False,0
England,Peasants,Infantry,Light,60,1,Low,Untrained,110,90,65,50,peasant,4,0,3,0,3,0,1,True,True,True,,0,0,0.0,0.0,0,0.0,0,0,0,0,0,0,0.0,0,0,0,0,0,0,0,0,False,False,0
England,Town Militia,Infantry,Light,60,3,Normal,Trained,290,125,75,60,spearman,5,2,7,0,1,6,1,True,True,True,Bonus vs. cavalry = 4,True,0,0.0,0.0,0,0.0,0,0,0,0,0,0,0.0,0,0,0,0,0,0,0,0,False,False,4
England,Levy Spearmen,Infantry,Spearmen,60,3,Normal,Trained,310,125,75,60,billman,5,2,7,0,1,6,1,True,True,True,Bonus vs. cavalry = 8,0,0,0.0,0.0,0,0.0,0,0,0,0,0,0,0.0,0,0,0,0,0,0,0,0,False,False,8
England,Spear Militia,Infantry,Spearmen,60,3,Normal,Trained,310,125,75,60,billman,5,2,7,0,1,6,1,True,True,True,Bonus vs. cavalry = 8,True,0,0.0,0.0,0,0.0,0,0,0,0,0,0,0.0,0,0,0,0,0,0,0,0,False,False,8
England,Armoured Swordsmen,Infantry,Heavy,48,9,Normal,Trained,610,150,90,70,knight,13,3,22,8,8,6,1,True,True,True,,0,True,0.0,0.0,0,0.0,0,0,0,0,0,0,0.0,0,0,0,0,0,0,0,0,False,False,0
England,Billmen,Infantry,Heavy,48,5,Normal,Trained,230,125,75,55,billman,15,5,3,0,3,0,1,True,True,True,Armour piercing,0,0,0.0,0.0,0,0.0,0,0,0,0,0,0,0.0,0,0,0,0,0,0,0,0,True,False,0
England,Bill Militia,Infantry,Heavy,48,3,Normal,Trained,170,100,65,50,billman,13,4,1,0,1,0,1,True,True,True,Armour piercing,True,0,0.0,0.0,0,0.0,0,0,0,0,0,0,0.0,0,0,0,0,0,0,0,0,True,False,0
England,Dismounted English Knights,Infantry,Heavy,48,11,Normal,Trained,530,225,100,75,axe,21,6,13,8,5,0,1,True,True,True,Armour piercing,0,True,0.0,0.0,0,0.0,0,0,0,0,0,0,0.0,0,0,0,0,0,0,0,0,True,False,0
England,Dismounted Feudal Knights,Infantry,Heavy,48,9,Normal,Trained,570,225,90,70,knight,13,3,21,7,8,6,1,True,True,True,,0,True,0.0,0.0,0,0.0,0,0,0,0,0,0,0.0,0,0,0,0,0,0,0,0,False,False,0
England,Heavy Billmen,Infantry,Heavy,48,5,Normal,Trained,300,150,75,55,billman,15,5,10,7,3,0,1,True,True,True,Armour piercing,0,True,0.0,0.0,0,0.0,0,0,0,0,0,0,0.0,0,0,0,0,0,0,0,0,True,False,0
England,Heavy Bill Militia,Infantry,Heavy,48,5,Normal,Trained,300,150,75,55,billman,15,5,10,7,3,0,1,True,True,True,Armour piercing,True,0,0.0,0.0,0,0.0,0,0,0,0,0,0,0.0,0,0,0,0,0,0,0,0,True,False,0
England,Archer Militia,Infantry,Missile,48,3,Normal,Untrained,220,100,65,50,archer,5,1,1,0,1,0,1,True,True,True,,True,0,120.0,30.0,Knife (Melee),2.0,0,0,0,0,0,0,0.0,0,0,0,0,0,0,0,0,False,False,0
England,Longbowmen,Infantry,Missile,48,3,Normal,Untrained,560,150,65,50,archer,6,2,4,0,1,3,1,True,True,True,Armour piercing,0,0,160.0,30.0,Mace (Melee),7.0,0,0,0,0,0,0,0.0,0,0,0,0,0,0,True,0,False,True,0
England,Peasant Archers,Infantry,Missile,48,3,Normal,Untrained,220,100,65,50,archer,5,1,1,0,1,0,1,True,True,True,,0,0,120.0,30.0,Knife (Melee),2.0,0,0,0,0,0,0,0.0,0,0,0,0,0,0,0,0,False,False,0
England,Retinue Longbowmen,Infantry,Missile,48,5,Normal,Trained,710,150,75,55,archer,8,2,14,5,6,3,1,True,True,True,Armour piercing,0,True,160.0,30.0,Sword (Melee),11.0,0,0,0,0,0,0,0.0,0,0,0,0,0,0,True,0,False,True,0
England,Sherwood Archers,Infantry,Missile,24,11,Normal,Untrained,510,250,110,85,archer,13,3,18,0,9,0,2,True,0,True,Armour piercing,0,0,160.0,30.0,Sword (Melee),16.0,0,0,True,0,0,0,0.0,0,0,0,0,0,True,0,0,False,True,0
England,Yeoman Archers,Infantry,Missile,48,5,Normal,Trained,650,150,75,55,archer,8,3,5,0,2,3,1,True,True,True,Armour piercing,0,0,160.0,30.0,Mace (Melee),9.0,0,0,0,0,0,0,0.0,0,0,0,0,0,0,True,0,False,True,0
England,Hobilars,Cavalry,Light,32,3,Low,Untrained,280,150,90,70,cavalry,7,2,7,4,3,0,1,True,True,True,,0,0,0.0,0.0,Cavalry sword (Melee),7.0,Pony,True,0,0,0,0,0.0,0,0,0,0,0,0,0,0,False,False,0
England,Demi Lancers,Cavalry,Heavy,32,11,Low,Trained,700,250,130,100,cavalry,13,4,12,7,5,0,1,True,True,True,,0,True,0.0,0.0,Cavalry sword (Melee),14.0,Heavy horse,True,0,0,0,0,0.0,0,0,True,0,0,0,0,0,False,False,0
England,English Knights,Cavalry,Heavy,32,9,Normal,Trained,860,250,120,95,cavalry,10,4,16,8,4,4,1,True,True,True,Armour piercing,0,0,0.0,0.0,Cavalry axe (Melee),11.0,Barded horse,True,0,0,0,0,0.0,0,0,True,0,0,0,0,0,True,False,0
England,Feudal Knights,Cavalry,Heavy,32,9,Impetuous,Trained,730,250,120,95,cavalry,10,4,16,7,5,4,1,True,True,True,,0,True,0.0,0.0,Cavalry sword (Melee),11.0,Barded horse,True,0,0,0,0,0.0,0,0,True,0,0,0,0,0,False,False,0
England,General's Bodyguard Early,Cavalry,Heavy,16,11,Normal,Trained,820,250,120,95,cavalry,13,4,32,7,5,4,2,True,True,True,,0,0,0.0,0.0,Cavalry sword (Melee),14.0,Barded horse,0,True,0,0,0,0.0,0,0,0,0,0,0,0,0,False,False,0
England,General's Bodyguard Late,Cavalry,Heavy,16,11,Normal,Trained,870,250,120,95,cavalry,13,4,34,9,5,3,2,True,True,True,,0,0,0.0,0.0,Cavalry sword (Melee),14.0,Armoured horse,0,True,0,0,0,0.0,0,0,0,0,0,0,0,0,False,False,0
England,Knights Hospitaller,Cavalry,Heavy,32,11,Normal,Highly trained,880,250,130,100,cavalry,13,4,16,7,5,4,1,True,True,True,,0,True,0.0,0.0,Cavalry sword (Melee),14.0,Barded horse,True,0,0,0,0,0.0,0,0,True,0,0,0,0,0,False,False,0
England,Knights Templar,Cavalry,Heavy,32,11,Impetuous,Highly trained,880,250,130,100,cavalry,13,4,16,7,5,4,1,True,True,True,,0,True,0.0,0.0,Cavalry sword (Melee),14.0,Mailed horse,True,0,0,0,0,0.0,0,0,True,0,0,0,0,0,False,False,0
England,Mailed Knights,Cavalry,Heavy,32,9,Low,Trained,680,250,120,95,cavalry,10,4,14,5,5,4,1,True,True,True,,0,True,0.0,0.0,Cavalry sword (Melee),11.0,Heavy horse,True,0,0,0,0,0.0,0,0,True,0,0,0,0,0,False,False,0
England,Merchant Cavalry Militia,Cavalry,Heavy,32,3,Normal,Untrained,370,210,90,70,cavalry,6,2,14,7,3,4,1,True,True,True,,True,0,0.0,0.0,0,0.0,Heavy horse,True,0,0,0,0,0.0,0,0,0,0,0,0,0,0,False,False,0
France,Peasants,Infantry,Light,60,1,Low,Untrained,110,90,65,50,peasant,4,0,3,0,3,0,1,True,True,True,,0,0,0.0,0.0,0,0.0,0,0,0,0,0,0,0.0,0,0,0,0,0,0,0,0,False,False,0
France,Town Militia,Infantry,Light,60,3,Normal,Trained,290,125,75,60,spearman,5,2,7,0,1,6,1,True,True,True,Bonus vs. cavalry = 4,True,0,0.0,0.0,0,0.0,0,0,0,0,0,0,0.0,0,0,0,0,0,0,0,0,False,False,4
France,Armoured Sergeants,Infantry,Spearmen,60,5,Normal,Trained,540,155,85,65,billman,7,3,14,5,3,6,1,True,True,True,Bonus vs. cavalry = 8,0,0,0.0,0.0,0,0.0,0,0,0,0,0,0,0.0,0,0,0,0,0,0,0,0,False,False,8
France,Pikemen,Infantry,Spearmen,60,5,Normal,Highly trained,240,155,85,65,pikes,9,2,3,0,3,0,1,True,True,True,Bonus vs. cavalry = 8,0,0,0.0,0.0,Weak sword (Melee),8.0,0,0,0,0,0,0,0.0,0,0,0,0,0,0,0,0,False,False,8
France,Pike Militia,Infantry,Spearmen,60,3,Normal,Highly trained,150,125,75,60,pikes,7,1,1,0,1,0,1,True,True,True,Bonus vs. cavalry = 8,True,0,0.0,0.0,Weak sword (Melee),6.0,0,0,0,0,0,0,0.0,0,0,0,0,0,0,0,0,False,False,8
France,Sergeant Spearmen,Infantry,Spearmen,60,5,Normal,Trained,420,155,85,65,billman,7,3,9,0,3,6,1,True,True,True,Bonus vs. cavalry = 8,0,0,0.0,0.0,0,0.0,0,0,0,0,0,0,0.0,0,0,0,0,0,0,0,0,False,False,8
France,Spear Militia,Infantry,Spearmen,60,3,Normal,Trained,310,125,75,60,billman,5,2,7,0,1,6,1,True,True,True,Bonus vs. cavalry = 8,True,0,0.0,0.0,0,0.0,0,0,0,0,0,0,0.0,0,0,0,0,0,0,0,0,False,False,8
France,Dismounted Feudal Knights,Infantry,Heavy,48,9,Normal,Trained,570,225,90,70,knight,13,3,21,7,8,6,1,True,True,True,,0,True,0.0,0.0,0,0.0,0,0,0,0,0,0,0.0,0,0,0,0,0,0,0,0,False,False,0
France,Dismounted Noble Knights,Infantry,Heavy,48,11,Normal,Trained,530,225,100,75,axe,21,6,13,8,5,0,1,True,True,True,Armour piercing,0,True,0.0,0.0,0,0.0,0,0,0,0,0,0,0.0,0,0,0,0,0,0,0,0,True,False,0
France,Voulge Militia,Infantry,Heavy,48,3,Normal,Trained,390,150,65,50,billman,5,2,6,5,1,0,1,True,True,True,"Armour piercing, Bonus vs. cavalry = 4",True,0,0.0,0.0,Halberd secondary (Melee),4.0,0,0,0,0,0,0,0.0,0,0,0,0,0,0,0,0,True,False,4
France,Voulgier,Infantry,Heavy,48,5,Normal,Trained,510,150,75,55,billman,7,3,8,5,3,0,1,True,True,True,"Armour piercing, Bonus vs. cavalry = 4",0,0,0.0,0.0,Halberd secondary (Melee),6.0,0,0,0,0,0,0,0.0,0,0,0,0,0,0,0,0,True,False,4
France,Aventurier,Infantry,Missile,48,9,Normal,Trained,690,175,90,70,crossbow,14,3,15,7,8,0,1,True,True,True,Armour piercing,0,True,160.0,30.0,Sword (Melee),11.0,0,0,0,0,0,0,0.0,0,0,0,0,0,0,0,0,False,True,0
France,Crossbowmen,Infantry,Missile,48,3,Normal,Trained,330,125,65,50,crossbow,9,1,8,5,3,0,1,True,True,True,Armour piercing,0,0,120.0,30.0,Weak sword (Melee),6.0,0,0,0,0,0,0,0.0,0,0,0,0,0,0,0,0,False,True,0
France,Crossbow Militia,Infantry,Missile,48,3,Normal,Untrained,220,100,65,50,crossbow,9,1,1,0,1,0,1,True,True,True,Armour piercing,True,0,120.0,30.0,Knife (Melee),2.0,0,0,0,0,0,0,0.0,0,0,0,0,0,0,0,0,False,True,0
France,Peasant Archers,Infantry,Missile,48,3,Normal,Untrained,220,100,65,50,archer,5,1,1,0,1,0,1,True,True,True,,0,0,120.0,30.0,Knife (Melee),2.0,0,0,0,0,0,0,0.0,0,0,0,0,0,0,0,0,False,False,0
France,Peasant Crossbowmen,Infantry,Missile,48,3,Normal,Untrained,220,100,65,50,crossbow,9,1,1,0,1,0,1,True,True,True,Armour piercing,0,0,120.0,30.0,Knife (Melee),2.0,0,0,0,0,0,0,0.0,0,0,0,0,0,0,0,0,False,True,0
France,Scots Guard,Infantry,Missile,48,11,Normal,Highly trained,800,175,100,75,archer,9,3,17,8,9,0,1,True,True,True,Armour piercing,0,0,160.0,30.0,Sword (Melee),12.0,0,0,True,0,0,0,0.0,0,0,0,0,0,0,0,0,False,True,0
France,Mounted Sergeants,Cavalry,Light,32,5,Normal,Trained,470,175,100,75,cavalry,9,3,13,4,5,4,1,True,True,True,,0,0,0.0,0.0,Cavalry sword (Melee),9.0,Heavy horse,True,0,0,0,0,0.0,0,0,0,0,0,0,0,0,False,False,0
France,Chivalric Knights,Cavalry,Heavy,32,11,Impetuous,Trained,930,250,130,100,cavalry,13,4,17,8,5,4,1,True,True,True,,0,True,0.0,0.0,Cavalry sword (Melee),14.0,Barded horse,True,0,0,0,0,0.0,0,0,True,0,0,0,0,0,False,False,0
France,Feudal Knights,Cavalry,Heavy,32,9,Impetuous,Trained,730,250,120,95,cavalry,10,4,16,7,5,4,1,True,True,True,,0,True,0.0,0.0,Cavalry sword (Melee),11.0,Barded horse,True,0,0,0,0,0.0,0,0,True,0,0,0,0,0,False,False,0
France,Gendarmes,Cavalry,Heavy,32,9,Low,Trained,770,320,120,95,cavalry,10,4,15,11,4,0,1,True,True,True,,0,True,0.0,0.0,Cavalry sword (Melee),11.0,Mailed horse,True,0,0,0,0,0.0,0,0,True,0,0,0,0,0,False,False,0
France,General's Bodyguard Early,Cavalry,Heavy,16,11,Normal,Trained,820,250,120,95,cavalry,13,4,32,7,5,4,2,True,True,True,,0,0,0.0,0.0,Cavalry sword (Melee),14.0,Barded horse,0,True,0,0,0,0.0,0,0,0,0,0,0,0,0,False,False,0
France,General's Bodyguard Late,Cavalry,Heavy,16,11,Normal,Trained,870,250,120,95,cavalry,13,4,34,9,5,3,2,True,True,True,,0,0,0.0,0.0,Cavalry sword (Melee),14.0,Armoured horse,0,True,0,0,0,0.0,0,0,0,0,0,0,0,0,False,False,0
France,Knights Hospitaller,Cavalry,Heavy,32,11,Normal,Highly trained,880,250,130,100,cavalry,13,4,16,7,5,4,1,True,True,True,,0,True,0.0,0.0,Cavalry sword (Melee),14.0,Barded horse,True,0,0,0,0,0.0,0,0,True,0,0,0,0,0,False,False,0
France,Knights Templar,Cavalry,Heavy,32,11,Impetuous,Highly trained,880,250,130,100,cavalry,13,4,16,7,5,4,1,True,True,True,,0,True,0.0,0.0,Cavalry sword (Melee),14.0,Mailed horse,True,0,0,0,0,0.0,0,0,True,0,0,0,0,0,False,False,0
France,Lancers,Cavalry,Heavy,32,11,Impetuous,Trained,930,320,130,100,cavalry,13,4,16,11,5,0,1,True,True,True,,0,True,0.0,0.0,Cavalry sword (Melee),14.0,Armoured horse,True,0,0,0,0,0.0,0,0,True,0,0,0,0,0,False,False,0
France,Mailed Knights,Cavalry,Heavy,32,9,Low,Trained,680,250,120,95,cavalry,10,4,14,5,5,4,1,True,True,True,,0,True,0.0,0.0,Cavalry sword (Melee),11.0,Heavy horse,True,0,0,0,0,0.0,0,0,True,0,0,0,0,0,False,False,0
France,Merchant Cavalry Militia,Cavalry,Heavy,32,3,Normal,Untrained,370,210,90,70,cavalry,6,2,14,7,3,4,1,True,True,True,,True,0,0.0,0.0,0,0.0,Heavy horse,True,0,0,0,0,0.0,0,0,0,0,0,0,0,0,False,False,0
France,Noble Knights,Cavalry,Heavy,32,11,Impetuous,Trained,930,320,130,100,cavalry,13,4,17,8,5,4,1,True,True,True,,0,True,0.0,0.0,Cavalry sword (Melee),14.0,Mailed horse,True,0,0,0,0,0.0,0,0,True,0,0,0,0,0,False,False,0
The Holy Roman Empire,Peasants,Infantry,Light,60,1,Low,Untrained,110,90,65,50,peasant,4,0,3,0,3,0,1,True,True,True,,0,0,0.0,0.0,0,0.0,0,0,0,0,0,0,0.0,0,0,0,0,0,0,0,0,False,False,0
The Holy Roman Empire,Town Militia,Infantry,Light,60,3,Normal,Trained,290,125,75,60,spearman,5,2,7,0,1,6,1,True,True,True,Bonus vs. cavalry = 4,True,0,0.0,0.0,0,0.0,0,0,0,0,0,0,0.0,0,0,0,0,0,0,0,0,False,False,4
The Holy Roman Empire,Armoured Sergeants,Infantry,Spearmen,60,5,Normal,Trained,540,155,85,65,billman,7,3,14,5,3,6,1,True,True,True,Bonus vs. cavalry = 8,0,0,0.0,0.0,0,0.0,0,0,0,0,0,0,0.0,0,0,0,0,0,0,0,0,False,False,8
The Holy Roman Empire,Pike Militia,Infantry,Spearmen,60,3,Normal,Highly trained,150,125,75,60,pikes,7,1,1,0,1,0,1,True,True,True,Bonus vs. cavalry = 8,True,0,0.0,0.0,Weak sword (Melee),6.0,0,0,0,0,0,0,0.0,0,0,0,0,0,0,0,0,False,False,8
The Holy Roman Empire,Sergeant Spearmen,Infantry,Spearmen,60,5,Normal,Trained,420,155,85,65,billman,7,3,9,0,3,6,1,True,True,True,Bonus vs. cavalry = 8,0,0,0.0,0.0,0,0.0,0,0,0,0,0,0,0.0,0,0,0,0,0,0,0,0,False,False,8
The Holy Roman Empire,Spear Militia,Infantry,Spearmen,60,3,Normal,Trained,310,125,75,60,billman,5,2,7,0,1,6,1,True,True,True,Bonus vs. cavalry = 8,True,0,0.0,0.0,0,0.0,0,0,0,0,0,0,0.0,0,0,0,0,0,0,0,0,False,False,8
The Holy Roman Empire,Dismounted Feudal Knights,Infantry,Heavy,48,9,Normal,Trained,570,225,90,70,knight,13,3,21,7,8,6,1,True,True,True,,0,True,0.0,0.0,0,0.0,0,0,0,0,0,0,0.0,0,0,0,0,0,0,0,0,False,False,0
The Holy Roman Empire,Halberd Militia,Infantry,Heavy,48,3,Normal,Trained,300,150,65,50,billman,5,2,1,0,1,0,1,True,True,True,"Armour piercing, Bonus vs. cavalry = 4",True,0,0.0,0.0,Halberd secondary (Melee),4.0,0,0,0,0,0,0,0.0,0,0,0,0,0,0,0,0,True,False,4
The Holy Roman Empire,Crossbow Militia,Infantry,Missile,48,3,Normal,Untrained,220,100,65,50,crossbow,9,1,1,0,1,0,1,True,True,True,Armour piercing,True,0,120.0,30.0,Knife (Melee),2.0,0,0,0,0,0,0,0.0,0,0,0,0,0,0,0,0,False,True,0
The Holy Roman Empire,Pavise Crossbowmen,Infantry,Missile,48,3,Normal,Trained,490,125,65,50,crossbow,12,1,14,5,3,6,1,True,True,True,Armour piercing,0,0,160.0,30.0,Weak sword (Melee),6.0,0,0,0,0,0,0,0.0,0,0,0,0,0,0,0,0,False,True,0
The Holy Roman Empire,Peasant Archers,Infantry,Missile,48,3,Normal,Untrained,220,100,65,50,archer,5,1,1,0,1,0,1,True,True,True,,0,0,120.0,30.0,Knife (Melee),2.0,0,0,0,0,0,0,0.0,0,0,0,0,0,0,0,0,False,False,0
The Holy Roman Empire,Peasant Crossbowmen,Infantry,Missile,48,3,Normal,Untrained,220,100,65,50,crossbow,9,1,1,0,1,0,1,True,True,True,Armour piercing,0,0,120.0,30.0,Knife (Melee),2.0,0,0,0,0,0,0,0.0,0,0,0,0,0,0,0,0,False,True,0
The Holy Roman Empire,Mounted Sergeants,Cavalry,Light,32,5,Normal,Trained,470,175,100,75,cavalry,9,3,13,4,5,4,1,True,True,True,,0,0,0.0,0.0,Cavalry sword (Melee),9.0,Heavy horse,True,0,0,0,0,0.0,0,0,0,0,0,0,0,0,False,False,0
The Holy Roman Empire,Feudal Knights,Cavalry,Heavy,32,9,Impetuous,Trained,730,250,120,95,cavalry,10,4,16,7,5,4,1,True,True,True,,0,True,0.0,0.0,Cavalry sword (Melee),11.0,Barded horse,True,0,0,0,0,0.0,0,0,True,0,0,0,0,0,False,False,0
The Holy Roman Empire,General's Bodyguard Early,Cavalry,Heavy,16,11,Normal,Trained,820,250,120,95,cavalry,13,4,32,7,5,4,2,True,True,True,,0,0,0.0,0.0,Cavalry sword (Melee),14.0,Barded horse,0,True,0,0,0,0.0,0,0,0,0,0,0,0,0,False,False,0
The Holy Roman Empire,General's Bodyguard Late,Cavalry,Heavy,16,11,Normal,Trained,870,250,120,95,cavalry,13,4,34,9,5,3,2,True,True,True,,0,0,0.0,0.0,Cavalry sword (Melee),14.0,Armoured horse,0,True,0,0,0,0.0,0,0,0,0,0,0,0,0,False,False,0
The Holy Roman Empire,Gothic Knights,Cavalry,Heavy,32,11,Low,Trained,1000,320,130,100,cavalry,13,4,15,10,5,0,1,True,True,True,Armour piercing,0,True,0.0,0.0,Cavalry mace (Melee),13.0,Armoured horse,True,0,0,0,0,0.0,0,0,True,0,0,0,0,0,True,False,0
The Holy Roman Empire,Imperial Knights,Cavalry,Heavy,32,9,Low,Trained,750,250,120,95,cavalry,10,4,16,8,4,4,1,True,True,True,Armour piercing,0,True,0.0,0.0,Cavalry mace (Melee),10.0,Mailed horse,True,0,0,0,0,0.0,0,0,True,0,0,0,0,0,True,False,0
The Holy Roman Empire,Mailed Knights,Cavalry,Heavy,32,9,Low,Trained,680,250,120,95,cavalry,10,4,14,5,5,4,1,True,True,True,,0,True,0.0,0.0,Cavalry sword (Melee),11.0,Heavy horse,True,0,0,0,0,0.0,0,0,True,0,0,0,0,0,False,False,0
The Holy Roman Empire,Merchant Cavalry Militia,Cavalry,Heavy,32,3,Normal,Untrained,370,210,90,70,cavalry,6,2,14,7,3,4,1,True,True,True,,True,0,0.0,0.0,0,0.0,Heavy horse,True,0,0,0,0,0.0,0,0,0,0,0,0,0,0,False,False,0
The Holy Roman Empire,Teutonic Knights,Cavalry,Heavy,32,11,Impetuous,Highly trained,950,250,130,100,cavalry,13,4,16,7,5,4,1,True,True,True,Armour piercing,0,True,0.0,0.0,Cavalry mace (Melee),13.0,Mailed horse,True,0,0,0,0,0.0,0,0,True,0,0,0,0,0,True,False,0
Hungary,Battlefield Assassins,Infantry,Light,24,11,Normal,Trained,660,250,110,85,knight,16,3,32,4,9,3,2,True,0,True,,0,0,0.0,0.0,0,0.0,0,0,True,0,0,0,0.0,0,0,0,0,True,True,0,0,False,False,0
Hungary,Croat Axemen,Infantry,Light,48,5,Normal,Untrained,260,125,75,55,axeman,15,5,7,4,3,0,1,True,True,True,Armour piercing,0,0,0.0,0.0,0,0.0,0,0,0,0,0,0,0.0,0,0,0,0,0,0,0,0,True,False,0
Hungary,Peasants,Infantry,Light,60,1,Normal,Untrained,110,90,65,50,peasant,4,0,3,0,3,0,1,True,True,True,,0,0,0.0,0.0,0,0.0,0,0,0,0,0,0,0.0,0,0,0,0,0,0,0,0,False,False,0
Hungary,Slav Levies,Infantry,Light,48,3,Normal,Untrained,210,100,65,50,spearman,5,2,7,0,1,6,1,True,True,True,Bonus vs. cavalry = 4,0,0,0.0,0.0,0,0.0,0,0,0,0,0,0,0.0,0,0,0,0,0,0,0,0,False,False,4
Hungary,Spear Militia,Infantry,Light,60,3,Normal,Trained,290,125,75,60,spearman,5,2,7,0,1,6,1,True,True,True,Bonus vs. cavalry = 4,True,0,0.0,0.0,0,0.0,0,0,0,0,0,0,0.0,0,0,0,0,0,0,0,0,False,False,4
Hungary,Town Militia,Infantry,Light,48,3,Normal,Trained,160,100,65,50,spearman,5,2,4,0,1,3,1,True,True,True,Bonus vs. cavalry = 4,True,0,0.0,0.0,0,0.0,0,0,0,0,0,0,0.0,0,0,0,0,0,0,0,0,False,False,4
Hungary,Transylvanian Peasants,Infantry,Light,48,3,Normal,Untrained,270,100,65,50,axe,5,2,1,0,1,0,1,True,True,True,"Armour piercing, Bonus vs. cavalry = 4",0,0,0.0,0.0,0,0.0,0,0,0,0,0,0,0.0,0,0,0,0,0,0,0,0,True,False,4
Hungary,Pavise Spearmen,Infantry,Spearmen,60,5,Normal,Trained,490,155,85,65,billman,7,3,14,5,3,6,1,True,True,True,Bonus vs. cavalry = 8,0,0,0.0,0.0,0,0.0,0,0,0,0,0,0,0.0,0,0,0,0,0,0,0,0,False,False,8
Hungary,Dismounted Chivalric Knights,Infantry,Heavy,48,9,Normal,Trained,590,225,90,70,knight,13,3,19,8,8,3,1,True,True,True,,0,True,0.0,0.0,0,0.0,0,0,0,0,0,0,0.0,0,0,0,0,0,0,0,0,False,False,0
Hungary,Dismounted Feudal Knights,Infantry,Heavy,48,9,Normal,Trained,570,225,90,70,knight,13,3,21,7,8,6,1,True,True,True,,0,True,0.0,0.0,0,0.0,0,0,0,0,0,0,0.0,0,0,0,0,0,0,0,0,False,False,0
Hungary,Halberd Militia,Infantry,Heavy,48,3,Normal,Trained,300,150,65,50,billman,5,2,1,0,1,0,1,True,True,True,"Armour piercing, Bonus vs. cavalry = 4",True,0,0.0,0.0,Halberd secondary (Melee),4.0,0,0,0,0,0,0,0.0,0,0,0,0,0,0,0,0,True,False,4
Hungary,Bosnian Archers,Infantry,Missile,48,3,Normal,Untrained,300,125,65,50,archer,5,1,9,0,3,6,1,True,True,True,,0,0,120.0,30.0,Weak sword (Melee),3.0,0,0,0,0,0,0,0.0,0,0,0,0,0,0,0,0,False,False,0
Hungary,Crossbowmen,Infantry,Missile,48,3,Normal,Trained,330,125,65,50,crossbow,9,1,8,5,3,0,1,True,True,True,Armour piercing,0,0,120.0,30.0,Weak sword (Melee),6.0,0,0,0,0,0,0,0.0,0,0,0,0,0,0,0,0,False,True,0
Hungary,Pavise Crossbow Militia,Infantry,Missile,48,3,Normal,Trained,490,100,65,50,crossbow,12,1,14,5,3,6,1,True,True,True,Armour piercing,True,0,160.0,30.0,Weak sword (Melee),6.0,0,0,0,0,0,0,0.0,0,0,0,0,0,0,0,0,False,True,0
Hungary,Peasant Archers,Infantry,Missile,48,3,Normal,Untrained,220,100,65,50,archer,5,1,1,0,1,0,1,True,True,True,,0,0,120.0,30.0,Knife (Melee),2.0,0,0,0,0,0,0,0.0,0,0,0,0,0,0,0,0,False,False,0
Hungary,Hussars,Cavalry,Light,32,11,Normal,Trained,750,210,130,100,cavalry,13,4,15,5,6,4,1,True,True,True,,0,True,0.0,0.0,Cavalry sword (Melee),14.0,Heavy horse,True,0,0,0,0,0.0,0,0,0,0,0,0,0,0,False,False,0
Hungary,Chivalric Knights,Cavalry,Heavy,32,11,Impetuous,Trained,880,250,130,100,cavalry,13,4,16,8,5,3,1,True,True,True,,0,True,0.0,0.0,Cavalry sword (Melee),14.0,Barded horse,True,0,0,0,0,0.0,0,0,True,0,0,0,0,0,False,False,0
Hungary,Feudal Knights,Cavalry,Heavy,32,9,Impetuous,Trained,730,250,120,95,cavalry,10,4,16,7,5,4,1,True,True,True,,0,True,0.0,0.0,Cavalry sword (Melee),11.0,Barded horse,True,0,0,0,0,0.0,0,0,True,0,0,0,0,0,False,False,0
Hungary,General's Bodyguard Early,Cavalry,Heavy,16,11,Normal,Trained,820,250,120,95,cavalry,13,4,32,7,5,4,2,True,True,True,,0,0,0.0,0.0,Cavalry sword (Melee),14.0,Barded horse,0,True,0,0,0,0.0,0,0,0,0,0,0,0,0,False,False,0
Hungary,General's Bodyguard Late,Cavalry,Heavy,16,11,Normal,Trained,870,250,120,95,cavalry,13,4,34,9,5,3,2,True,True,True,,0,0,0.0,0.0,Cavalry sword (Melee),14.0,Armoured horse,0,True,0,0,0,0.0,0,0,0,0,0,0,0,0,False,False,0
Hungary,Knights Hospitaller,Cavalry,Heavy,32,11,Normal,Highly trained,880,250,130,100,cavalry,13,4,16,7,5,4,1,True,True,True,,0,True,0.0,0.0,Cavalry sword (Melee),14.0,Barded horse,True,0,0,0,0,0.0,0,0,True,0,0,0,0,0,False,False,0
Hungary,Knights Templar,Cavalry,Heavy,32,11,Impetuous,Highly trained,880,250,130,100,cavalry,13,4,16,7,5,4,1,True,True,True,,0,True,0.0,0.0,Cavalry sword (Melee),14.0,Mailed horse,True,0,0,0,0,0.0,0,0,True,0,0,0,0,0,False,False,0
Hungary,Merchant Cavalry Militia,Cavalry,Heavy,32,3,Normal,Untrained,370,210,90,70,cavalry,6,2,14,7,3,4,1,True,True,True,,True,0,0.0,0.0,0,0.0,Heavy horse,True,0,0,0,0,0.0,0,0,0,0,0,0,0,0,False,False,0
Hungary,Royal Banderium,Cavalry,Heavy,32,11,Low,Trained,790,320,130,100,cavalry,13,4,16,8,5,3,1,True,True,True,,0,0,0.0,0.0,Cavalry sword (Melee),14.0,Armoured horse,True,True,0,0,0,0.0,0,0,True,0,0,0,0,0,False,False,0
Milan,Italian Militia,Infantry,Light,60,5,Normal,Trained,370,125,85,65,spearman,7,3,9,0,3,6,1,True,True,True,Bonus vs. cavalry = 4,True,0,0.0,0.0,0,0.0,0,0,0,0,0,0,0.0,0,0,0,0,0,0,0,0,False,False,4
Milan,Peasants,Infantry,Light,60,1,Low,Untrained,110,90,65,50,peasant,4,0,3,0,3,0,1,True,True,True,,0,0,0.0,0.0,0,0.0,0,0,0,0,0,0,0.0,0,0,0,0,0,0,0,0,False,False,0
Milan,Armoured Sergeants,Infantry,Spearmen,60,5,Normal,Trained,540,155,85,65,billman,7,3,14,5,3,6,1,True,True,True,Bonus vs. cavalry = 8,0,0,0.0,0.0,0,0.0,0,0,0,0,0,0,0.0,0,0,0,0,0,0,0,0,False,False,8
Milan,Italian Spear Militia,Infantry,Spearmen,60,5,Normal,Trained,460,125,85,65,billman,7,3,13,4,3,6,1,True,True,True,Bonus vs. cavalry = 8,True,0,0.0,0.0,0,0.0,0,0,0,0,0,0,0.0,0,0,0,0,0,0,0,0,False,False,8
Milan,Pike Militia,Infantry,Spearmen,60,3,Normal,Highly trained,150,125,75,60,pikes,7,1,1,0,1,0,1,True,True,True,Bonus vs. cavalry = 8,True,0,0.0,0.0,Weak sword (Melee),6.0,0,0,0,0,0,0,0.0,0,0,0,0,0,0,0,0,False,False,8
Milan,Sergeant Spearmen,Infantry,Spearmen,60,5,Normal,Trained,420,155,85,65,billman,7,3,9,0,3,6,1,True,True,True,Bonus vs. cavalry = 8,0,0,0.0,0.0,0,0.0,0,0,0,0,0,0,0.0,0,0,0,0,0,0,0,0,False,False,8
Milan,Dismounted Broken Lances,Infantry,Heavy,48,5,Normal,Trained,490,225,75,55,knight,11,2,22,9,7,6,1,True,True,True,,0,True,0.0,0.0,0,0.0,0,0,0,0,0,0,0.0,0,0,0,0,0,0,0,0,False,False,0
Milan,Dismounted Feudal Knights,Infantry,Heavy,48,9,Normal,Trained,570,225,90,70,knight,13,3,21,7,8,6,1,True,True,True,,0,True,0.0,0.0,0,0.0,0,0,0,0,0,0,0.0,0,0,0,0,0,0,0,0,False,False,0
Milan,Dismounted Men at Arms,Infantry,Heavy,48,5,Normal,Trained,460,225,75,55,knight,11,2,21,8,7,6,1,True,True,True,,0,True,0.0,0.0,0,0.0,0,0,0,0,0,0,0.0,0,0,0,0,0,0,0,0,False,False,0
Milan,Genoese Crossbowmen,Infantry,Missile,48,5,Normal,Trained,600,125,75,55,crossbow,14,2,16,6,4,6,1,True,True,True,Armour piercing,0,True,160.0,30.0,Weak sword (Melee),8.0,0,0,0,0,0,0,0.0,0,0,0,0,0,0,0,0,False,True,0
Milan,Genoese Crossbow Militia,Infantry,Missile,48,3,Normal,Trained,570,100,65,50,crossbow,12,1,15,6,3,6,1,True,True,True,Armour piercing,True,True,160.0,30.0,Weak sword (Melee),6.0,0,0,0,0,0,0,0.0,0,0,0,0,0,0,0,0,False,True,0
Milan,Peasant Archers,Infantry,Missile,48,3,Normal,Untrained,220,100,65,50,archer,5,1,1,0,1,0,1,True,True,True,,0,0,120.0,30.0,Knife (Melee),2.0,0,0,0,0,0,0,0.0,0,0,0,0,0,0,0,0,False,False,0
Milan,Peasant Crossbowmen,Infantry,Missile,48,3,Normal,Untrained,220,100,65,50,crossbow,9,1,1,0,1,0,1,True,True,True,Armour piercing,0,0,120.0,30.0,Knife (Melee),2.0,0,0,0,0,0,0,0.0,0,0,0,0,0,0,0,0,False,True,0
Milan,Mounted Sergeants,Cavalry,Light,32,5,Normal,Trained,470,175,100,75,cavalry,9,3,13,4,5,4,1,True,True,True,,0,0,0.0,0.0,Cavalry sword (Melee),9.0,Heavy horse,True,0,0,0,0,0.0,0,0,0,0,0,0,0,0,False,False,0
Milan,Broken Lances,Cavalry,Heavy,32,9,Low,Trained,730,320,120,95,cavalry,10,4,13,9,4,0,1,True,True,True,,0,0,0.0,0.0,Cavalry sword (Melee),11.0,Heavy horse,True,0,0,0,0,0.0,0,0,True,0,0,0,0,0,False,False,0
Milan,Cavalry Militia,Cavalry,Heavy,32,5,Low,Trained,540,150,100,75,cavalry,8,3,15,7,4,4,1,True,True,True,,True,0,0.0,0.0,Cavalry sword (Melee),9.0,Heavy horse,True,0,0,0,0,0.0,0,0,0,0,0,0,0,0,False,False,0
Milan,Famiglia Ducale,Cavalry,Heavy,32,11,Low,Trained,880,320,130,100,cavalry,13,4,14,9,5,0,1,True,True,True,,0,0,0.0,0.0,Cavalry sword (Melee),14.0,Armoured horse,True,True,0,0,0,0.0,0,0,True,0,0,0,0,0,False,False,0
Milan,Feudal Knights,Cavalry,Heavy,32,9,Impetuous,Trained,730,250,120,95,cavalry,10,4,16,7,5,4,1,True,True,True,,0,True,0.0,0.0,Cavalry sword (Melee),11.0,Barded horse,True,0,0,0,0,0.0,0,0,True,0,0,0,0,0,False,False,0
Milan,General's Bodyguard Early,Cavalry,Heavy,16,11,Normal,Trained,820,250,120,95,cavalry,13,4,32,7,5,4,2,True,True,True,,0,0,0.0,0.0,Cavalry sword (Melee),14.0,Barded horse,0,True,0,0,0,0.0,0,0,0,0,0,0,0,0,False,False,0
Milan,General's Bodyguard Late,Cavalry,Heavy,16,11,Normal,Trained,870,250,120,95,cavalry,13,4,34,9,5,3,2,True,True,True,,0,0,0.0,0.0,Cavalry sword (Melee),14.0,Armoured horse,0,True,0,0,0,0.0,0,0,0,0,0,0,0,0,False,False,0
Milan,Knights Hospitaller,Cavalry,Heavy,32,11,Normal,Highly trained,880,250,130,100,cavalry,13,4,16,7,5,4,1,True,True,True,,0,True,0.0,0.0,Cavalry sword (Melee),14.0,Barded horse,True,0,0,0,0,0.0,0,0,True,0,0,0,0,0,False,False,0
Milan,Knights Templar,Cavalry,Heavy,32,11,Impetuous,Highly trained,880,250,130,100,cavalry,13,4,16,7,5,4,1,True,True,True,,0,True,0.0,0.0,Cavalry sword (Melee),14.0,Mailed horse,True,0,0,0,0,0.0,0,0,True,0,0,0,0,0,False,False,0
Milan,Mailed Knights,Cavalry,Heavy,32,9,Low,Trained,680,250,120,95,cavalry,10,4,14,5,5,4,1,True,True,True,,0,True,0.0,0.0,Cavalry sword (Melee),11.0,Heavy horse,True,0,0,0,0,0.0,0,0,True,0,0,0,0,0,False,False,0
Milan,Men At Arms,Cavalry,Heavy,32,5,Low,Trained,580,250,100,75,cavalry,8,3,15,8,3,4,1,True,True,True,,0,0,0.0,0.0,Cavalry sword (Melee),9.0,Barded horse,True,0,0,0,0,0.0,0,0,True,0,0,0,0,0,False,False,0
Moors,Peasants,Infantry,Light,60,1,Low,Untrained,90,90,65,50,peasant,1,0,1,0,1,0,1,True,True,True,,0,0,0.0,0.0,0,0.0,0,0,0,0,0,0,0.0,0,0,0,0,0,0,0,0,False,False,0
Moors,Berber Spearmen,Infantry,Spearmen,60,5,Normal,Trained,400,155,85,65,spearman,7,3,9,0,3,6,1,True,True,True,Bonus vs. cavalry = 4,0,True,0.0,0.0,0,0.0,0,0,0,0,0,0,0.0,0,0,0,0,0,0,0,0,False,False,4
Moors,Dismounted Arab Cavalry,Infantry,Spearmen,48,5,Normal,Trained,430,150,75,55,billman,7,3,13,4,3,6,1,True,True,True,Bonus vs. cavalry = 8,0,0,0.0,0.0,0,0.0,0,0,0,0,0,0,0.0,0,0,0,0,0,0,0,0,False,False,8
Moors,Lamtuna Spearmen,Infantry,Spearmen,60,9,Disciplined,Highly trained,580,185,105,80,billman,9,4,10,0,4,6,1,True,True,True,Bonus vs. cavalry = 8,0,0,0.0,0.0,0,0.0,0,0,True,0,0,0,0.0,0,0,0,0,0,0,0,0,False,False,8
Moors,Nubian Spearmen,Infantry,Spearmen,60,5,Normal,Trained,400,155,85,65,spearman,7,3,9,0,3,6,1,True,True,True,Bonus vs. cavalry = 4,0,0,0.0,0.0,0,0.0,0,0,0,0,0,0,0.0,0,0,0,0,0,0,0,0,False,False,4
Moors,Spear Militia,Infantry,Spearmen,60,3,Normal,Trained,310,125,75,60,billman,5,2,7,0,1,6,1,True,True,True,Bonus vs. cavalry = 8,True,0,0.0,0.0,0,0.0,0,0,0,0,0,0,0.0,0,0,0,0,0,0,0,0,False,False,8
Moors,Town Militia,Infantry,Spearmen,48,3,Normal,Untrained,250,100,65,50,spearman,5,2,7,0,1,6,1,True,True,True,Bonus vs. cavalry = 4,True,0,0.0,0.0,0,0.0,0,0,0,0,0,0,0.0,0,0,0,0,0,0,0,0,False,False,4
Moors,Dismounted Christian Guard,Infantry,Heavy,48,11,Disciplined,Highly trained,690,175,100,75,knight,16,3,22,7,9,6,1,True,True,True,,0,True,0.0,0.0,0,0.0,0,0,0,0,0,0,0.0,0,0,0,0,0,0,0,0,False,False,0
Moors,Hashashim,Infantry,Heavy,24,11,Disciplined,Trained,840,250,110,85,knight,16,3,42,6,9,6,2,True,0,True,,0,0,0.0,0.0,0,0.0,0,0,True,0,0,0,0.0,0,0,0,0,True,True,0,0,False,False,0
Moors,Urban Militia,Infantry,Heavy,48,5,Normal,Trained,400,125,75,55,knight,11,2,18,5,7,6,1,True,True,True,,True,0,0.0,0.0,0,0.0,0,0,0,0,0,0,0.0,0,0,0,0,0,0,0,0,False,False,0
Moors,Crossbow Militia,Infantry,Missile,48,3,Normal,Trained,330,100,65,50,crossbow,9,1,8,5,3,0,1,True,True,True,Armour piercing,True,0,120.0,30.0,Weak sword (Melee),6.0,0,0,0,0,0,0,0.0,0,0,0,0,0,0,0,0,False,True,0
Moors,Desert Archers,Infantry,Missile,48,3,Normal,Untrained,440,100,65,50,archer,7,1,6,0,3,3,1,True,True,True,,0,0,160.0,30.0,Weak sword (Melee),6.0,0,0,True,0,0,0,0.0,0,0,0,0,0,0,0,0,False,False,0
Moors,Peasant Crossbowmen,Infantry,Missile,48,3,Normal,Trained,400,100,65,50,crossbow,12,1,4,0,4,0,1,True,True,True,Armour piercing,0,0,160.0,30.0,Short sword (Melee),7.0,0,0,0,0,0,0,0.0,0,0,0,0,0,0,0,0,False,True,0
Moors,Arab Cavalry,Cavalry,Light,32,5,Normal,Trained,510,175,100,75,cavalry,9,3,13,4,5,4,1,True,True,True,,0,0,0.0,0.0,Cavalry sword (Melee),9.0,Heavy horse,True,0,0,0,0,0.0,0,0,0,0,0,0,0,0,False,False,0
Moors,Christian Guard,Cavalry,Heavy,32,11,Disciplined,Highly trained,970,250,130,100,cavalry,13,4,16,7,5,4,1,True,True,True,,0,0,0.0,0.0,Cavalry sword (Melee),14.0,Heavy horse,True,True,0,0,0,0.0,0,0,0,0,0,0,0,0,False,False,0
Moors,Bodyguard Early,Cavalry,Heavy,16,11,Disciplined,Trained,900,250,120,95,cavalry,14,4,36,7,7,4,2,True,True,True,,0,0,0.0,0.0,Cavalry sword (Melee),14.0,Easternarmoured horse,0,True,0,0,0,0.0,0,0,0,0,0,0,0,0,False,False,0
Moors,Bodyguard Late,Cavalry,Heavy,16,11,Disciplined,Trained,1070,250,120,95,cavalry,13,4,38,9,6,4,2,True,True,True,Armour piercing,0,0,0.0,0.0,Cavalry mace (Melee),13.0,Easternarmoured horse,0,True,0,0,0,0.0,0,0,0,0,0,0,0,0,True,False,0
Moors,Granadine Lancers,Cavalry,Heavy,32,9,Normal,Trained,750,250,120,95,cavalry,10,4,14,5,5,4,1,True,True,True,,0,True,0.0,0.0,Cavalry sword (Melee),11.0,Heavy horse,True,0,0,0,0,0.0,0,0,0,0,0,0,0,0,False,False,0
Moors,Tuareg Camel Spearmen,Cavalry,Heavy,32,9,Normal,Untrained,600,300,120,95,cavalry,11,4,10,0,6,4,1,True,True,True,,0,0,0.0,0.0,Cavalry sword (Melee),11.0,Camel,0,True,0,0,0,0.0,0,0,0,0,0,0,0,True,False,False,0
Poland,Peasants,Infantry,Light,60,1,Normal,Untrained,110,90,65,50,peasant,4,0,3,0,3,0,1,True,True,True,,0,0,0.0,0.0,0,0.0,0,0,0,0,0,0,0.0,0,0,0,0,0,0,0,0,False,False,0
Poland,Spear Militia,Infantry,Light,60,3,Normal,Trained,290,125,75,60,spearman,5,2,7,0,1,6,1,True,True,True,Bonus vs. cavalry = 4,True,0,0.0,0.0,0,0.0,0,0,0,0,0,0,0.0,0,0,0,0,0,0,0,0,False,False,4
Poland,Town Militia,Infantry,Light,48,3,Normal,Trained,160,100,65,50,spearman,5,2,4,0,1,3,1,True,True,True,Bonus vs. cavalry = 4,True,0,0.0,0.0,0,0.0,0,0,0,0,0,0,0.0,0,0,0,0,0,0,0,0,False,False,4
Poland,Woodsmen,Infantry,Light,48,3,Normal,Untrained,170,70,65,50,axeman,13,4,1,0,1,0,1,True,True,True,Armour piercing,0,True,0.0,0.0,0,0.0,0,0,0,0,0,0,0.0,0,0,0,0,0,0,0,0,True,False,0
Poland,Dismounted Polish Nobles,Infantry,Spearmen,48,5,Normal,Trained,410,150,75,55,spearman,7,3,14,5,3,6,1,True,True,True,Bonus vs. cavalry = 4,0,True,0.0,0.0,0,0.0,0,0,0,0,0,0,0.0,0,0,0,0,0,0,0,0,False,False,4
Poland,Spearmen,Infantry,Spearmen,60,5,Normal,Trained,500,125,85,65,billman,7,3,13,4,3,6,1,True,True,True,Bonus vs. cavalry = 8,0,0,0.0,0.0,0,0.0,0,0,0,0,0,0,0.0,0,0,0,0,0,0,0,0,False,False,8
Poland,Dismounted Polish Knights,Infantry,Heavy,48,9,Normal,Trained,610,225,90,70,knight,13,3,22,8,8,6,1,True,True,True,,0,True,0.0,0.0,0,0.0,0,0,0,0,0,0,0.0,0,0,0,0,0,0,0,0,False,False,0
Poland,Halberd Militia,Infantry,Heavy,48,3,Normal,Trained,300,150,65,50,billman,5,2,1,0,1,0,1,True,True,True,"Armour piercing, Bonus vs. cavalry = 4",True,0,0.0,0.0,Halberd secondary (Melee),4.0,0,0,0,0,0,0,0.0,0,0,0,0,0,0,0,0,True,False,4
Poland,Crossbow Militia,Infantry,Missile,48,3,Normal,Untrained,300,100,65,50,crossbow,9,1,7,4,3,0,1,True,True,True,Armour piercing,True,0,120.0,30.0,Weak sword (Melee),6.0,0,0,0,0,0,0,0.0,0,0,0,0,0,0,0,0,False,True,0
Poland,Lithuanian Archers,Infantry,Missile,48,3,Normal,Untrained,430,125,65,50,archer,5,1,9,0,3,6,1,True,True,True,,0,0,120.0,30.0,Weak sword (Melee),6.0,0,0,0,0,0,0,0.0,0,0,0,0,0,0,True,0,False,False,0
Poland,Peasant Archers,Infantry,Missile,48,3,Normal,Untrained,220,100,65,50,archer,5,1,1,0,1,0,1,True,True,True,,0,0,120.0,30.0,Knife (Melee),2.0,0,0,0,0,0,0,0.0,0,0,0,0,0,0,0,0,False,False,0
Poland,Hussars,Cavalry,Light,32,11,Normal,Trained,750,210,130,100,cavalry,13,4,15,5,6,4,1,True,True,True,,0,True,0.0,0.0,Cavalry sword (Melee),14.0,Heavy horse,True,0,0,0,0,0.0,0,0,0,0,0,0,0,0,False,False,0
Poland,General's Bodyguard Early,Cavalry,Heavy,16,11,Normal,Trained,820,250,120,95,cavalry,13,4,32,7,5,4,2,True,True,True,,0,0,0.0,0.0,Cavalry sword (Melee),14.0,Barded horse,0,True,0,0,0,0.0,0,0,0,0,0,0,0,0,False,False,0
Poland,General's Bodyguard Late,Cavalry,Heavy,16,11,Normal,Trained,870,250,120,95,cavalry,13,4,34,9,5,3,2,True,True,True,,0,0,0.0,0.0,Cavalry sword (Melee),14.0,Armoured horse,0,True,0,0,0,0.0,0,0,0,0,0,0,0,0,False,False,0
Poland,Knights Hospitaller,Cavalry,Heavy,32,11,Normal,Highly trained,880,250,130,100,cavalry,13,4,16,7,5,4,1,True,True,True,,0,True,0.0,0.0,Cavalry sword (Melee),14.0,Barded horse,True,0,0,0,0,0.0,0,0,True,0,0,0,0,0,False,False,0
Poland,Knights Templar,Cavalry,Heavy,32,11,Impetuous,Highly trained,880,250,130,100,cavalry,13,4,16,7,5,4,1,True,True,True,,0,True,0.0,0.0,Cavalry sword (Melee),14.0,Mailed horse,True,0,0,0,0,0.0,0,0,True,0,0,0,0,0,False,False,0
Poland,Merchant Cavalry Militia,Cavalry,Heavy,32,3,Normal,Untrained,370,210,90,70,cavalry,6,2,14,7,3,4,1,True,True,True,,True,0,0.0,0.0,0,0.0,Heavy horse,True,0,0,0,0,0.0,0,0,0,0,0,0,0,0,False,False,0
Poland,Polish Guard,Cavalry,Heavy,32,11,Low,Trained,840,320,130,100,cavalry,13,4,17,8,5,4,1,True,True,True,,0,0,0.0,0.0,Cavalry sword (Melee),14.0,Armoured horse,True,True,0,0,0,0.0,0,0,True,0,0,0,0,0,False,False,0
Poland,Polish Knights,Cavalry,Heavy,32,11,Impetuous,Trained,840,250,130,100,cavalry,13,4,17,8,5,4,1,True,True,True,,0,True,0.0,0.0,Cavalry sword (Melee),14.0,Barded horse,True,0,0,0,0,0.0,0,0,True,0,0,0,0,0,False,False,0
Poland,Polish Retainers,Cavalry,Heavy,32,9,Low,Trained,650,175,120,95,cavalry,10,4,14,6,4,4,1,True,True,True,,0,0,0.0,0.0,Cavalry sword (Melee),11.0,Heavy horse,True,0,0,0,0,0.0,0,0,0,0,0,0,0,0,False,False,0
Portugal,Peasants,Infantry,Light,60,1,Low,Untrained,110,90,65,50,peasant,4,0,3,0,3,0,1,True,True,True,,0,0,0.0,0.0,0,0.0,0,0,0,0,0,0,0.0,0,0,0,0,0,0,0,0,False,False,0
Portugal,Swordsmen Militia,Infantry,Light,48,5,Normal,Trained,400,100,75,55,knight,11,2,18,5,7,6,1,True,True,True,,True,0,0.0,0.0,0,0.0,0,0,0,0,0,0,0.0,0,0,0,0,0,0,0,0,False,False,0
Portugal,Town Militia,Infantry,Light,60,3,Normal,Trained,290,125,75,60,spearman,5,2,7,0,1,6,1,True,True,True,Bonus vs. cavalry = 4,True,0,0.0,0.0,0,0.0,0,0,0,0,0,0,0.0,0,0,0,0,0,0,0,0,False,False,4
Portugal,Aventuros,Infantry,Spearmen,60,11,Impetuous,Highly trained,610,185,115,90,pikes,14,3,10,5,5,0,1,True,True,True,Bonus vs. cavalry = 8,0,0,0.0,0.0,Weak sword (Melee),13.0,0,0,True,0,0,0,0.0,0,0,0,0,0,0,0,0,False,False,8
Portugal,Pike Militia,Infantry,Spearmen,60,3,Normal,Highly trained,150,125,75,60,pikes,7,1,1,0,1,0,1,True,True,True,Bonus vs. cavalry = 8,True,0,0.0,0.0,Weak sword (Melee),6.0,0,0,0,0,0,0,0.0,0,0,0,0,0,0,0,0,False,False,8
Portugal,Spear Militia,Infantry,Spearmen,60,3,Normal,Trained,310,125,75,60,billman,5,2,7,0,1,6,1,True,True,True,Bonus vs. cavalry = 8,True,0,0.0,0.0,0,0.0,0,0,0,0,0,0,0.0,0,0,0,0,0,0,0,0,False,False,8
Portugal,Dismounted Conquistadores,Infantry,Heavy,48,11,Low,Trained,690,150,100,75,knight,16,3,22,7,9,6,1,True,True,True,,0,0,0.0,0.0,0,0.0,0,0,True,0,0,0,0.0,0,0,0,0,0,0,0,0,False,False,0
Portugal,Dismounted Feudal Knights,Infantry,Heavy,48,9,Normal,Trained,570,225,90,70,knight,13,3,21,7,8,6,1,True,True,True,,0,True,0.0,0.0,0,0.0,0,0,0,0,0,0,0.0,0,0,0,0,0,0,0,0,False,False,0
Portugal,Dismounted Portuguese Knights,Infantry,Heavy,48,11,Normal,Trained,530,225,100,75,axe,21,6,13,8,5,0,1,True,True,True,Armour piercing,0,True,0.0,0.0,0,0.0,0,0,0,0,0,0,0.0,0,0,0,0,0,0,0,0,True,False,0
Portugal,Crossbow Militia,Infantry,Missile,48,3,Normal,Untrained,220,100,65,50,crossbow,9,1,1,0,1,0,1,True,True,True,Armour piercing,True,0,120.0,30.0,Knife (Melee),2.0,0,0,0,0,0,0,0.0,0,0,0,0,0,0,0,0,False,True,0
Portugal,Pavise Crossbowmen,Infantry,Missile,48,3,Normal,Trained,490,125,65,50,crossbow,12,1,14,5,3,6,1,True,True,True,Armour piercing,0,0,160.0,30.0,Weak sword (Melee),6.0,0,0,0,0,0,0,0.0,0,0,0,0,0,0,0,0,False,True,0
Portugal,Peasant Archers,Infantry,Missile,48,3,Normal,Untrained,220,100,65,50,archer,5,1,1,0,1,0,1,True,True,True,,0,0,120.0,30.0,Knife (Melee),2.0,0,0,0,0,0,0,0.0,0,0,0,0,0,0,0,0,False,False,0
Portugal,Peasant Crossbowmen,Infantry,Missile,48,3,Normal,Untrained,220,100,65,50,crossbow,9,1,1,0,1,0,1,True,True,True,Armour piercing,0,0,120.0,30.0,Knife (Melee),2.0,0,0,0,0,0,0,0.0,0,0,0,0,0,0,0,0,False,True,0
Portugal,Conquistadores,Cavalry,Heavy,32,11,Normal,Trained,880,250,130,100,cavalry,13,4,17,7,6,4,1,True,True,True,,0,0,0.0,0.0,Cavalry sword (Melee),14.0,Heavy horse,True,True,0,0,0,0.0,0,0,0,0,0,0,0,0,False,False,0
Portugal,Feudal Knights,Cavalry,Heavy,32,9,Impetuous,Trained,730,250,120,95,cavalry,10,4,16,7,5,4,1,True,True,True,,0,True,0.0,0.0,Cavalry sword (Melee),11.0,Barded horse,True,0,0,0,0,0.0,0,0,True,0,0,0,0,0,False,False,0
Portugal,General's Bodyguard Early,Cavalry,Heavy,16,11,Normal,Trained,820,250,120,95,cavalry,13,4,32,7,5,4,2,True,True,True,,0,0,0.0,0.0,Cavalry sword (Melee),14.0,Barded horse,0,True,0,0,0,0.0,0,0,0,0,0,0,0,0,False,False,0
Portugal,General's Bodyguard Late,Cavalry,Heavy,16,11,Normal,Trained,870,250,120,95,cavalry,13,4,34,9,5,3,2,True,True,True,,0,0,0.0,0.0,Cavalry sword (Melee),14.0,Armoured horse,0,True,0,0,0,0.0,0,0,0,0,0,0,0,0,False,False,0
Portugal,Knights of Santiago,Cavalry,Heavy,32,11,Low,Highly trained,880,250,130,100,cavalry,13,4,16,7,5,4,1,True,True,True,,0,True,0.0,0.0,Cavalry sword (Melee),14.0,Barded horse,True,0,0,0,0,0.0,0,0,True,0,0,0,0,0,False,False,0
Portugal,Mailed Knights,Cavalry,Heavy,32,9,Low,Trained,680,250,120,95,cavalry,10,4,14,5,5,4,1,True,True,True,,0,True,0.0,0.0,Cavalry sword (Melee),11.0,Heavy horse,True,0,0,0,0,0.0,0,0,True,0,0,0,0,0,False,False,0
Portugal,Merchant Cavalry Militia,Cavalry,Heavy,32,3,Normal,Untrained,370,210,90,70,cavalry,6,2,14,7,3,4,1,True,True,True,,True,0,0.0,0.0,0,0.0,Heavy horse,True,0,0,0,0,0.0,0,0,0,0,0,0,0,0,False,False,0
Portugal,Portuguese Knights,Cavalry,Heavy,32,9,Low,Trained,700,250,120,95,cavalry,10,4,16,8,4,4,1,True,True,True,,0,0,0.0,0.0,Cavalry sword (Melee),11.0,Barded horse,True,0,0,0,0,0.0,0,0,True,0,0,0,0,0,False,False,0
Russia,Peasants,Infantry,Light,60,1,Normal,Untrained,110,90,65,50,peasant,4,0,3,0,3,0,1,True,True,True,,0,0,0.0,0.0,0,0.0,0,0,0,0,0,0,0.0,0,0,0,0,0,0,0,0,False,False,0
Russia,Spear Militia,Infantry,Light,60,3,Normal,Trained,290,125,75,60,spearman,5,2,7,0,1,6,1,True,True,True,Bonus vs. cavalry = 4,True,0,0.0,0.0,0,0.0,0,0,0,0,0,0,0.0,0,0,0,0,0,0,0,0,False,False,4
Russia,Woodsmen,Infantry,Light,48,3,Normal,Untrained,170,70,65,50,axeman,13,4,1,0,1,0,1,True,True,True,Armour piercing,0,True,0.0,0.0,0,0.0,0,0,0,0,0,0,0.0,0,0,0,0,0,0,0,0,True,False,0
Russia,Spearmen,Infantry,Spearmen,60,5,Normal,Trained,500,125,85,65,billman,7,3,13,4,3,6,1,True,True,True,Bonus vs. cavalry = 8,0,0,0.0,0.0,0,0.0,0,0,0,0,0,0,0.0,0,0,0,0,0,0,0,0,False,False,8
Russia,Berdiche Axemen,Infantry,Heavy,48,9,Normal,Trained,380,150,90,70,axeman,17,6,9,5,4,0,1,True,True,True,Armour piercing,0,True,0.0,0.0,0,0.0,0,0,0,0,0,0,0.0,0,0,0,0,0,0,0,0,True,False,0
Russia,Archer Militia,Infantry,Missile,48,3,Normal,Untrained,220,100,65,50,archer,5,1,1,0,1,0,1,True,True,True,,True,0,120.0,30.0,Knife (Melee),2.0,0,0,0,0,0,0,0.0,0,0,0,0,0,0,0,0,False,False,0
Russia,Crossbow Militia,Infantry,Missile,48,3,Normal,Untrained,300,100,65,50,crossbow,9,1,7,4,3,0,1,True,True,True,Armour piercing,True,0,120.0,30.0,Weak sword (Melee),6.0,0,0,0,0,0,0,0.0,0,0,0,0,0,0,0,0,False,True,0
Russia,Dismounted Dvor,Infantry,Missile,48,9,Normal,Trained,770,225,90,70,archer,11,3,15,5,4,6,1,True,True,True,Armour piercing,0,True,160.0,30.0,Axe (Melee),11.0,0,0,0,0,0,0,0.0,0,0,0,0,0,0,0,0,False,True,0
Russia,Peasant Archers,Infantry,Missile,48,3,Normal,Untrained,220,100,65,50,archer,5,1,1,0,1,0,1,True,True,True,,0,0,120.0,30.0,Knife (Melee),2.0,0,0,0,0,0,0,0.0,0,0,0,0,0,0,0,0,False,False,0
Russia,Cavalry Militia,Cavalry,Heavy,32,3,Normal,Untrained,350,150,90,70,cavalry,7,2,11,4,3,4,1,True,True,True,,True,0,0.0,0.0,Cavalry sword (Melee),7.0,Heavy horse,True,0,0,0,0,0.0,0,0,0,0,0,0,0,0,False,False,0
Russia,Druzhina,Cavalry,Heavy,32,9,Normal,Trained,690,210,120,95,cavalry,11,4,15,5,6,4,1,True,True,True,Armour piercing,0,0,0.0,0.0,Cavalry axe (Melee),11.0,Heavy horse,True,0,0,0,0,0.0,0,0,0,0,0,0,0,0,True,False,0
Russia,General's Bodyguard Early,Cavalry,Heavy,16,11,Normal,Trained,820,250,120,95,cavalry,14,4,36,7,7,4,2,True,True,True,,0,0,0.0,0.0,Cavalry sword (Melee),14.0,Barded horse,0,True,0,0,0,0.0,0,0,0,0,0,0,0,0,False,False,0
Russia,General's Bodyguard Late,Cavalry,Heavy,16,11,Normal,Trained,910,250,120,95,cavalry,13,4,36,9,5,4,2,True,True,True,,0,0,0.0,0.0,Cavalry sword (Melee),14.0,Easternarmoured horse,0,True,0,0,0,0.0,0,0,0,0,0,0,0,0,False,False,0
Russia,Tsars Guard,Cavalry,Heavy,32,11,Normal,Trained,840,320,130,100,cavalry,14,4,19,8,7,4,1,True,True,True,,0,0,0.0,0.0,Cavalry sword (Melee),14.0,Easternarmoured horse,True,True,0,0,0,0.0,0,0,0,0,0,0,0,0,False,False,0
Scotland,Highland Rabble,Infantry,Light,60,3,Impetuous,Untrained,120,90,75,60,peasant,2,1,1,0,1,0,1,True,True,True,,0,0,0.0,0.0,0,0.0,0,0,0,0,0,0,0.0,0,0,0,0,0,0,0,0,False,False,0
Scotland,Town Militia,Infantry,Light,60,3,Normal,Trained,290,125,75,60,spearman,5,2,7,0,1,6,1,True,True,True,Bonus vs. cavalry = 4,True,0,0.0,0.0,0,0.0,0,0,0,0,0,0,0.0,0,0,0,0,0,0,0,0,False,False,4
Scotland,Heavy Pike Militia,Infantry,Spearmen,60,5,Normal,Trained,410,185,85,65,pikes,9,2,11,8,3,0,1,True,True,True,Bonus vs. cavalry = 8,True,0,0.0,0.0,Weak sword (Melee),8.0,0,0,0,0,0,0,0.0,0,0,0,0,0,0,0,0,False,False,8
Scotland,Highland Pikemen,Infantry,Spearmen,60,5,Impetuous,Highly trained,210,125,85,65,pikes,9,2,3,0,3,0,1,True,True,True,Bonus vs. cavalry = 8,0,0,0.0,0.0,Weak sword (Melee),8.0,0,0,0,0,0,0,0.0,0,0,0,0,0,0,0,0,False,False,8
Scotland,Noble Pikemen,Infantry,Spearmen,60,9,Normal,Trained,570,215,105,80,pikes,11,3,12,8,4,0,1,True,True,True,Bonus vs. cavalry = 8,0,True,0.0,0.0,Weak sword (Melee),10.0,0,0,0,0,0,0,0.0,0,0,0,0,0,0,0,0,False,False,8
Scotland,Scots Pike Militia,Infantry,Spearmen,60,3,Normal,Trained,150,125,75,60,pikes,7,1,1,0,1,0,1,True,True,True,Bonus vs. cavalry = 8,True,0,0.0,0.0,Weak sword (Melee),6.0,0,0,0,0,0,0,0.0,0,0,0,0,0,0,0,0,False,False,8
Scotland,Spear Militia,Infantry,Spearmen,60,3,Normal,Trained,310,125,75,60,billman,5,2,7,0,1,6,1,True,True,True,Bonus vs. cavalry = 8,True,0,0.0,0.0,0,0.0,0,0,0,0,0,0,0.0,0,0,0,0,0,0,0,0,False,False,8
Scotland,Dismounted Feudal Knights,Infantry,Heavy,48,9,Normal,Trained,570,225,90,70,knight,13,3,21,7,8,6,1,True,True,True,,0,True,0.0,0.0,0,0.0,0,0,0,0,0,0,0.0,0,0,0,0,0,0,0,0,False,False,0
Scotland,Noble Swordsmen,Infantry,Heavy,48,9,Normal,Trained,610,175,90,70,knight,13,3,22,8,8,6,1,True,True,True,,0,True,0.0,0.0,0,0.0,0,0,0,0,0,0,0.0,0,0,0,0,0,0,0,0,False,False,0
Scotland,Highland Archers,Infantry,Missile,48,3,Low,Untrained,320,100,65,50,archer,5,1,4,0,1,3,1,True,True,True,Armour piercing,0,0,120.0,30.0,Axe (Melee),7.0,0,0,0,0,0,0,0.0,0,0,0,0,0,0,0,0,False,True,0
Scotland,Noble Highland Archers,Infantry,Missile,48,9,Low,Untrained,600,175,90,70,archer,7,3,12,5,4,3,1,True,True,True,Armour piercing,0,True,120.0,30.0,Axe (Melee),9.0,0,0,0,0,0,0,0.0,0,0,0,0,0,0,0,0,False,True,0
Scotland,Peasant Archers,Infantry,Missile,48,3,Normal,Untrained,220,100,65,50,archer,5,1,1,0,1,0,1,True,True,True,,0,0,120.0,30.0,Knife (Melee),2.0,0,0,0,0,0,0,0.0,0,0,0,0,0,0,0,0,False,False,0
Scotland,Border Horse,Cavalry,Light,32,5,Low,Untrained,390,150,100,75,cavalry,9,3,9,4,5,0,1,True,True,True,,0,True,0.0,0.0,Cavalry sword (Melee),9.0,Fast pony,True,0,0,0,0,0.0,0,0,0,0,0,0,0,0,False,False,0
Scotland,Feudal Knights,Cavalry,Heavy,32,9,Impetuous,Trained,730,250,120,95,cavalry,10,4,16,7,5,4,1,True,True,True,,0,True,0.0,0.0,Cavalry sword (Melee),11.0,Barded horse,True,0,0,0,0,0.0,0,0,True,0,0,0,0,0,False,False,0
Scotland,General's Bodyguard Early,Cavalry,Heavy,16,11,Normal,Trained,820,250,120,95,cavalry,13,4,32,7,5,4,2,True,True,True,,0,0,0.0,0.0,Cavalry sword (Melee),14.0,Barded horse,0,True,0,0,0,0.0,0,0,0,0,0,0,0,0,False,False,0
Scotland,General's Bodyguard Late,Cavalry,Heavy,16,11,Normal,Trained,870,250,120,95,cavalry,13,4,34,9,5,3,2,True,True,True,,0,0,0.0,0.0,Cavalry sword (Melee),14.0,Armoured horse,0,True,0,0,0,0.0,0,0,0,0,0,0,0,0,False,False,0
Scotland,Knights Hospitaller,Cavalry,Heavy,32,11,Normal,Highly trained,880,250,130,100,cavalry,13,4,16,7,5,4,1,True,True,True,,0,True,0.0,0.0,Cavalry sword (Melee),14.0,Barded horse,True,0,0,0,0,0.0,0,0,True,0,0,0,0,0,False,False,0
Scotland,Knights Templar,Cavalry,Heavy,32,11,Impetuous,Highly trained,880,250,130,100,cavalry,13,4,16,7,5,4,1,True,True,True,,0,True,0.0,0.0,Cavalry sword (Melee),14.0,Mailed horse,True,0,0,0,0,0.0,0,0,True,0,0,0,0,0,False,False,0
Scotland,Mailed Knights,Cavalry,Heavy,32,9,Low,Trained,680,250,120,95,cavalry,10,4,14,5,5,4,1,True,True,True,,0,True,0.0,0.0,Cavalry sword (Melee),11.0,Heavy horse,True,0,0,0,0,0.0,0,0,True,0,0,0,0,0,False,False,0
Scotland,Merchant Cavalry Militia,Cavalry,Heavy,32,3,Normal,Untrained,370,210,90,70,cavalry,6,2,14,7,3,4,1,True,True,True,,True,0,0.0,0.0,0,0.0,Heavy horse,True,0,0,0,0,0.0,0,0,0,0,0,0,0,0,False,False,0
Sicily,Italian Militia,Infantry,Light,60,5,Normal,Trained,370,125,85,65,spearman,7,3,9,0,3,6,1,True,True,True,Bonus vs. cavalry = 4,True,0,0.0,0.0,0,0.0,0,0,0,0,0,0,0.0,0,0,0,0,0,0,0,0,False,False,4
Sicily,Peasants,Infantry,Light,60,1,Low,Untrained,110,90,65,50,peasant,4,0,3,0,3,0,1,True,True,True,,0,0,0.0,0.0,0,0.0,0,0,0,0,0,0,0.0,0,0,0,0,0,0,0,0,False,False,0
Sicily,Sword and Buckler Men,Infantry,Light,48,9,Normal,Trained,540,150,90,70,knight,13,3,19,5,8,6,1,True,True,True,,0,True,0.0,0.0,0,0.0,0,0,0,0,0,0,0.0,0,0,0,0,0,0,0,0,False,False,0
Sicily,Armoured Sergeants,Infantry,Spearmen,60,5,Normal,Trained,540,155,85,65,billman,7,3,14,5,3,6,1,True,True,True,Bonus vs. cavalry = 8,0,0,0.0,0.0,0,0.0,0,0,0,0,0,0,0.0,0,0,0,0,0,0,0,0,False,False,8
Sicily,Italian Spear Militia,Infantry,Spearmen,60,5,Normal,Trained,460,125,85,65,billman,7,3,13,4,3,6,1,True,True,True,Bonus vs. cavalry = 8,True,0,0.0,0.0,0,0.0,0,0,0,0,0,0,0.0,0,0,0,0,0,0,0,0,False,False,8
Sicily,Pike Militia,Infantry,Spearmen,60,3,Normal,Highly trained,150,125,75,60,pikes,7,1,1,0,1,0,1,True,True,True,Bonus vs. cavalry = 8,True,0,0.0,0.0,Weak sword (Melee),6.0,0,0,0,0,0,0,0.0,0,0,0,0,0,0,0,0,False,False,8
Sicily,Sergeant Spearmen,Infantry,Spearmen,60,5,Normal,Trained,420,155,85,65,billman,7,3,9,0,3,6,1,True,True,True,Bonus vs. cavalry = 8,0,0,0.0,0.0,0,0.0,0,0,0,0,0,0,0.0,0,0,0,0,0,0,0,0,False,False,8
Sicily,Dismounted Broken Lances,Infantry,Heavy,48,5,Normal,Trained,490,225,75,55,knight,11,2,22,9,7,6,1,True,True,True,,0,True,0.0,0.0,0,0.0,0,0,0,0,0,0,0.0,0,0,0,0,0,0,0,0,False,False,0
Sicily,Dismounted Norman Knights,Infantry,Heavy,48,9,Normal,Trained,570,225,90,70,knight,13,3,21,7,8,6,1,True,True,True,,0,True,0.0,0.0,0,0.0,0,0,0,0,0,0,0.0,0,0,0,0,0,0,0,0,False,False,0
Sicily,Halberd Militia,Infantry,Heavy,48,3,Normal,Trained,300,150,65,50,billman,5,2,1,0,1,0,1,True,True,True,"Armour piercing, Bonus vs. cavalry = 4",True,0,0.0,0.0,Halberd secondary (Melee),4.0,0,0,0,0,0,0,0.0,0,0,0,0,0,0,0,0,True,False,4
Sicily,Pavise Crossbowmen,Infantry,Missile,48,3,Normal,Trained,490,125,65,50,crossbow,12,1,14,5,3,6,1,True,True,True,Armour piercing,0,0,160.0,30.0,Weak sword (Melee),6.0,0,0,0,0,0,0,0.0,0,0,0,0,0,0,0,0,False,True,0
Sicily,Pavise Crossbow Militia,Infantry,Missile,48,3,Normal,Trained,490,100,65,50,crossbow,12,1,14,5,3,6,1,True,True,True,Armour piercing,True,0,160.0,30.0,Weak sword (Melee),6.0,0,0,0,0,0,0,0.0,0,0,0,0,0,0,0,0,False,True,0
Sicily,Peasant Archers,Infantry,Missile,48,3,Normal,Untrained,220,100,65,50,archer,5,1,1,0,1,0,1,True,True,True,,0,0,120.0,30.0,Knife (Melee),2.0,0,0,0,0,0,0,0.0,0,0,0,0,0,0,0,0,False,False,0
Sicily,Muslim Archers,Infantry,Missile,48,5,Normal,Trained,550,125,75,55,archer,9,2,10,4,6,0,1,True,True,True,,0,0,160.0,30.0,Sword (Melee),11.0,0,0,0,0,0,0,0.0,0,0,0,0,0,0,0,0,False,False,0
Sicily,Mounted Sergeants,Cavalry,Light,32,5,Normal,Trained,470,175,100,75,cavalry,9,3,13,4,5,4,1,True,True,True,,0,0,0.0,0.0,Cavalry sword (Melee),9.0,Heavy horse,True,0,0,0,0,0.0,0,0,0,0,0,0,0,0,False,False,0
Sicily,Cavalry Militia,Cavalry,Heavy,32,5,Low,Trained,540,150,100,75,cavalry,8,3,15,7,4,4,1,True,True,True,,True,0,0.0,0.0,Cavalry sword (Melee),9.0,Heavy horse,True,0,0,0,0,0.0,0,0,0,0,0,0,0,0,False,False,0
Sicily,Chivalric Knights,Cavalry,Heavy,32,11,Impetuous,Trained,930,250,130,100,cavalry,13,4,17,8,5,4,1,True,True,True,,0,True,0.0,0.0,Cavalry sword (Melee),14.0,Barded horse,True,0,0,0,0,0.0,0,0,True,0,0,0,0,0,False,False,0
Sicily,General's Bodyguard Early,Cavalry,Heavy,16,11,Normal,Trained,820,250,120,95,cavalry,13,4,32,7,5,4,2,True,True,True,,0,0,0.0,0.0,Cavalry sword (Melee),14.0,Barded horse,0,True,0,0,0,0.0,0,0,0,0,0,0,0,0,False,False,0
Sicily,General's Bodyguard Late,Cavalry,Heavy,16,11,Normal,Trained,870,250,120,95,cavalry,13,4,34,9,5,3,2,True,True,True,,0,0,0.0,0.0,Cavalry sword (Melee),14.0,Armoured horse,0,True,0,0,0,0.0,0,0,0,0,0,0,0,0,False,False,0
Sicily,Knights Hospitaller,Cavalry,Heavy,32,11,Normal,Highly trained,880,250,130,100,cavalry,13,4,16,7,5,4,1,True,True,True,,0,True,0.0,0.0,Cavalry sword (Melee),14.0,Barded horse,True,0,0,0,0,0.0,0,0,True,0,0,0,0,0,False,False,0
Sicily,Knights Templar,Cavalry,Heavy,32,11,Impetuous,Highly trained,880,250,130,100,cavalry,13,4,16,7,5,4,1,True,True,True,,0,True,0.0,0.0,Cavalry sword (Melee),14.0,Mailed horse,True,0,0,0,0,0.0,0,0,True,0,0,0,0,0,False,False,0
Sicily,Mailed Knights,Cavalry,Heavy,32,9,Low,Trained,680,250,120,95,cavalry,10,4,14,5,5,4,1,True,True,True,,0,True,0.0,0.0,Cavalry sword (Melee),11.0,Heavy horse,True,0,0,0,0,0.0,0,0,True,0,0,0,0,0,False,False,0
Sicily,Norman Knights,Cavalry,Heavy,32,11,Impetuous,Trained,880,250,130,100,cavalry,13,4,17,7,6,4,1,True,True,True,,0,0,0.0,0.0,Cavalry sword (Melee),14.0,Heavy horse,True,True,0,0,0,0.0,0,0,True,0,0,0,0,0,False,False,0
Spain,Peasants,Infantry,Light,60,1,Low,Untrained,110,90,65,50,peasant,4,0,3,0,3,0,1,True,True,True,,0,0,0.0,0.0,0,0.0,0,0,0,0,0,0,0.0,0,0,0,0,0,0,0,0,False,False,0
Spain,Sword and Buckler Men,Infantry,Light,48,9,Normal,Trained,540,150,90,70,knight,13,3,19,5,8,6,1,True,True,True,,0,True,0.0,0.0,0,0.0,0,0,0,0,0,0,0.0,0,0,0,0,0,0,0,0,False,False,0
Spain,Swordsmen Militia,Infantry,Light,48,5,Normal,Trained,400,100,75,55,knight,11,2,18,5,7,6,1,True,True,True,,True,0,0.0,0.0,0,0.0,0,0,0,0,0,0,0.0,0,0,0,0,0,0,0,0,False,False,0
Spain,Town Militia,Infantry,Light,60,3,Normal,Trained,290,125,75,60,spearman,5,2,7,0,1,6,1,True,True,True,Bonus vs. cavalry = 4,True,0,0.0,0.0,0,0.0,0,0,0,0,0,0,0.0,0,0,0,0,0,0,0,0,False,False,4
Spain,Pike Militia,Infantry,Spearmen,60,3,Normal,Highly trained,150,125,75,60,pikes,7,1,1,0,1,0,1,True,True,True,Bonus vs. cavalry = 8,True,0,0.0,0.0,Weak sword (Melee),6.0,0,0,0,0,0,0,0.0,0,0,0,0,0,0,0,0,False,False,8
Spain,Spear Militia,Infantry,Spearmen,60,3,Normal,Trained,310,125,75,60,billman,5,2,7,0,1,6,1,True,True,True,Bonus vs. cavalry = 8,True,0,0.0,0.0,0,0.0,0,0,0,0,0,0,0.0,0,0,0,0,0,0,0,0,False,False,8
Spain,Tercio Pikemen,Infantry,Spearmen,60,9,Normal,Highly trained,350,155,105,80,pikes,11,3,4,0,4,0,1,True,True,True,Bonus vs. cavalry = 8,0,True,0.0,0.0,Weak sword (Melee),10.0,0,0,0,0,0,0,0.0,0,0,0,0,0,0,0,0,False,False,8
Spain,Dismounted Chivalric Knights,Infantry,Heavy,48,9,Normal,Trained,610,225,90,70,knight,13,3,22,8,8,6,1,True,True,True,,0,True,0.0,0.0,0,0.0,0,0,0,0,0,0,0.0,0,0,0,0,0,0,0,0,False,False,0
Spain,Dismounted Conquistadores,Infantry,Heavy,48,11,Low,Trained,690,150,100,75,knight,16,3,22,7,9,6,1,True,True,True,,0,0,0.0,0.0,0,0.0,0,0,True,0,0,0,0.0,0,0,0,0,0,0,0,0,False,False,0
Spain,Dismounted Feudal Knights,Infantry,Heavy,48,9,Normal,Trained,570,225,90,70,knight,13,3,21,7,8,6,1,True,True,True,,0,True,0.0,0.0,0,0.0,0,0,0,0,0,0,0.0,0,0,0,0,0,0,0,0,False,False,0
Spain,Crossbow Militia,Infantry,Missile,48,3,Normal,Untrained,220,100,65,50,crossbow,9,1,1,0,1,0,1,True,True,True,Armour piercing,True,0,120.0,30.0,Knife (Melee),2.0,0,0,0,0,0,0,0.0,0,0,0,0,0,0,0,0,False,True,0
Spain,Pavise Crossbowmen,Infantry,Missile,48,3,Normal,Trained,490,125,65,50,crossbow,12,1,14,5,3,6,1,True,True,True,Armour piercing,0,0,160.0,30.0,Weak sword (Melee),6.0,0,0,0,0,0,0,0.0,0,0,0,0,0,0,0,0,False,True,0
Spain,Peasant Archers,Infantry,Missile,48,3,Normal,Untrained,220,100,65,50,archer,5,1,1,0,1,0,1,True,True,True,,0,0,120.0,30.0,Knife (Melee),2.0,0,0,0,0,0,0,0.0,0,0,0,0,0,0,0,0,False,False,0
Spain,Peasant Crossbowmen,Infantry,Missile,48,3,Normal,Untrained,220,100,65,50,crossbow,9,1,1,0,1,0,1,True,True,True,Armour piercing,0,0,120.0,30.0,Knife (Melee),2.0,0,0,0,0,0,0,0.0,0,0,0,0,0,0,0,0,False,True,0
Spain,Chivalric Knights,Cavalry,Heavy,32,11,Impetuous,Trained,930,250,130,100,cavalry,13,4,17,8,5,4,1,True,True,True,,0,True,0.0,0.0,Cavalry sword (Melee),14.0,Barded horse,True,0,0,0,0,0.0,0,0,True,0,0,0,0,0,False,False,0
Spain,Conquistadores,Cavalry,Heavy,32,11,Normal,Trained,880,250,130,100,cavalry,13,4,17,7,6,4,1,True,True,True,,0,0,0.0,0.0,Cavalry sword (Melee),14.0,Heavy horse,True,True,0,0,0,0.0,0,0,0,0,0,0,0,0,False,False,0
Spain,Feudal Knights,Cavalry,Heavy,32,9,Impetuous,Trained,730,250,120,95,cavalry,10,4,16,7,5,4,1,True,True,True,,0,True,0.0,0.0,Cavalry sword (Melee),11.0,Barded horse,True,0,0,0,0,0.0,0,0,True,0,0,0,0,0,False,False,0
Spain,Gendarmes,Cavalry,Heavy,32,9,Low,Trained,770,320,120,95,cavalry,10,4,15,11,4,0,1,True,True,True,,0,True,0.0,0.0,Cavalry sword (Melee),11.0,Mailed horse,True,0,0,0,0,0.0,0,0,True,0,0,0,0,0,False,False,0
Spain,General's Bodyguard Early,Cavalry,Heavy,16,11,Normal,Trained,820,250,120,95,cavalry,13,4,32,7,5,4,2,True,True,True,,0,0,0.0,0.0,Cavalry sword (Melee),14.0,Barded horse,0,True,0,0,0,0.0,0,0,0,0,0,0,0,0,False,False,0
Spain,General's Bodyguard Late,Cavalry,Heavy,16,11,Normal,Trained,870,250,120,95,cavalry,13,4,34,9,5,3,2,True,True,True,,0,0,0.0,0.0,Cavalry sword (Melee),14.0,Armoured horse,0,True,0,0,0,0.0,0,0,0,0,0,0,0,0,False,False,0
Spain,Knights of Santiago,Cavalry,Heavy,32,11,Low,Highly trained,880,250,130,100,cavalry,13,4,16,7,5,4,1,True,True,True,,0,True,0.0,0.0,Cavalry sword (Melee),14.0,Barded horse,True,0,0,0,0,0.0,0,0,True,0,0,0,0,0,False,False,0
Spain,Mailed Knights,Cavalry,Heavy,32,9,Low,Trained,680,250,120,95,cavalry,10,4,14,5,5,4,1,True,True,True,,0,True,0.0,0.0,Cavalry sword (Melee),11.0,Heavy horse,True,0,0,0,0,0.0,0,0,True,0,0,0,0,0,False,False,0
Spain,Merchant Cavalry Militia,Cavalry,Heavy,32,3,Normal,Untrained,370,210,90,70,cavalry,6,2,14,7,3,4,1,True,True,True,,True,0,0.0,0.0,0,0.0,Heavy horse,True,0,0,0,0,0.0,0,0,0,0,0,0,0,0,False,False,0
The Turks,Azabs,Infantry,Light,48,3,Low,Untrained,190,100,65,50,spearman,5,2,4,0,1,3,1,True,True,True,Bonus vs. cavalry = 4,0,0,0.0,0.0,0,0.0,0,0,0,0,0,0,0.0,0,0,0,0,0,0,0,0,False,False,4
The Turks,Peasants,Infantry,Light,60,1,Low,Untrained,90,90,65,50,peasant,1,0,1,0,1,0,1,True,True,True,,0,0,0.0,0.0,0,0.0,0,0,0,0,0,0,0.0,0,0,0,0,0,0,0,0,False,False,0
The Turks,Dismounted Sipahi Lancers,Infantry,Spearmen,48,9,Normal,Trained,630,175,90,70,billman,9,4,15,5,4,6,1,True,True,True,Bonus vs. cavalry = 8,0,True,0.0,0.0,0,0.0,0,0,0,0,0,0,0.0,0,0,0,0,0,0,0,0,False,False,8
The Turks,Saracen Militia,Infantry,Spearmen,60,5,Normal,Trained,490,155,85,65,billman,7,3,14,5,3,6,1,True,True,True,Bonus vs. cavalry = 8,True,0,0.0,0.0,0,0.0,0,0,0,0,0,0,0.0,0,0,0,0,0,0,0,0,False,False,8
The Turks,Spear Militia,Infantry,Spearmen,60,3,Normal,Trained,310,125,75,60,billman,5,2,7,0,1,6,1,True,True,True,Bonus vs. cavalry = 8,True,0,0.0,0.0,0,0.0,0,0,0,0,0,0,0.0,0,0,0,0,0,0,0,0,False,False,8
The Turks,Town Militia,Infantry,Spearmen,48,3,Normal,Untrained,250,100,65,50,spearman,5,2,7,0,1,6,1,True,True,True,Bonus vs. cavalry = 4,True,0,0.0,0.0,0,0.0,0,0,0,0,0,0,0.0,0,0,0,0,0,0,0,0,False,False,4
The Turks,Halberd Militia,Infantry,Heavy,48,5,Normal,Trained,510,150,75,55,axe,7,3,8,5,3,0,1,True,True,True,"Armour piercing, Bonus vs. cavalry = 4",True,0,0.0,0.0,0,0.0,0,0,0,0,0,0,0.0,0,0,0,0,0,0,0,0,True,False,4
The Turks,Hashashim,Infantry,Heavy,24,11,Disciplined,Trained,840,250,110,85,knight,16,3,42,6,9,6,2,True,0,True,,0,0,0.0,0.0,0,0.0,0,0,True,0,0,0,0.0,0,0,0,0,True,True,0,0,False,False,0
The Turks,Janissary Heavy Infantry,Infantry,Heavy,48,11,Disciplined,Highly trained,840,175,100,75,axe,12,4,10,5,5,0,1,True,True,True,"Armour piercing, Bonus vs. cavalry = 4",0,0,0.0,0.0,0,0.0,0,0,True,0,0,0,0.0,0,0,0,0,0,0,0,0,True,False,4
The Turks,Janissary Archers,Infantry,Missile,48,11,Disciplined,Highly trained,780,175,100,75,archer,10,3,13,5,8,0,1,True,True,True,,0,0,160.0,30.0,Short sword (Melee),10.0,0,0,True,0,0,0,0.0,0,0,0,0,0,0,True,0,False,False,0
The Turks,Ottoman Infantry,Infantry,Missile,48,5,Normal,Trained,670,150,75,55,archer,9,2,17,5,6,6,1,True,True,True,,0,0,160.0,30.0,Sword (Melee),11.0,0,0,0,0,0,0,0.0,0,0,0,0,0,0,0,0,False,False,0
The Turks,Peasant Archers,Infantry,Missile,48,3,Low,Untrained,220,100,65,50,archer,5,1,1,0,1,0,1,True,True,True,,0,0,120.0,30.0,Knife (Melee),2.0,0,0,0,0,0,0,0.0,0,0,0,0,0,0,0,0,False,False,0
The Turks,Turkish Archers,Infantry,Missile,48,3,Normal,Untrained,440,100,65,50,archer,7,1,10,4,3,3,1,True,True,True,,0,0,160.0,30.0,Weak sword (Melee),6.0,0,0,0,0,0,0,0.0,0,0,0,0,0,0,0,0,False,False,0
The Turks,Bodyguard Early,Cavalry,Heavy,16,11,Disciplined,Trained,900,250,120,95,cavalry,14,4,36,7,7,4,2,True,True,True,,0,0,0.0,0.0,Cavalry sword (Melee),14.0,Easternarmoured horse,0,True,0,0,0,0.0,0,0,0,0,0,0,0,0,False,False,0
The Turks,Bodyguard Late,Cavalry,Heavy,16,11,Disciplined,Trained,1070,250,120,95,cavalry,13,4,38,9,6,4,2,True,True,True,Armour piercing,0,0,0.0,0.0,Cavalry mace (Melee),13.0,Easternarmoured horse,0,True,0,0,0,0.0,0,0,0,0,0,0,0,0,True,False,0
The Turks,Qapukulu,Cavalry,Heavy,32,11,Disciplined,Highly trained,1100,250,130,100,cavalry,13,4,18,8,6,4,1,True,True,True,Armour piercing,0,0,0.0,0.0,Cavalry mace (Melee),13.0,Easternarmoured horse,True,True,0,0,0,0.0,0,0,0,0,0,0,0,0,True,False,0
The Turks,Sipahi Lancers,Cavalry,Heavy,32,9,Normal,Trained,750,210,120,95,cavalry,11,4,15,5,6,4,1,True,True,True,,0,True,0.0,0.0,Cavalry sword (Melee),11.0,Heavy horse,True,0,0,0,0,0.0,0,0,0,0,0,0,0,0,False,False,0
Venice,Italian Militia,Infantry,Light,60,5,Normal,Trained,370,125,85,65,spearman,7,3,9,0,3,6,1,True,True,True,Bonus vs. cavalry = 4,True,0,0.0,0.0,0,0.0,0,0,0,0,0,0,0.0,0,0,0,0,0,0,0,0,False,False,4
Venice,Peasants,Infantry,Light,60,1,Low,Untrained,110,90,65,50,peasant,4,0,3,0,3,0,1,True,True,True,,0,0,0.0,0.0,0,0.0,0,0,0,0,0,0,0.0,0,0,0,0,0,0,0,0,False,False,0
Venice,Armoured Sergeants,Infantry,Spearmen,60,5,Normal,Trained,540,155,85,65,billman,7,3,14,5,3,6,1,True,True,True,Bonus vs. cavalry = 8,0,0,0.0,0.0,0,0.0,0,0,0,0,0,0,0.0,0,0,0,0,0,0,0,0,False,False,8
Venice,Italian Spear Militia,Infantry,Spearmen,60,5,Normal,Trained,460,125,85,65,billman,7,3,13,4,3,6,1,True,True,True,Bonus vs. cavalry = 8,True,0,0.0,0.0,0,0.0,0,0,0,0,0,0,0.0,0,0,0,0,0,0,0,0,False,False,8
Venice,Pike Militia,Infantry,Spearmen,60,3,Normal,Highly trained,150,125,75,60,pikes,7,1,1,0,1,0,1,True,True,True,Bonus vs. cavalry = 8,True,0,0.0,0.0,Weak sword (Melee),6.0,0,0,0,0,0,0,0.0,0,0,0,0,0,0,0,0,False,False,8
Venice,Sergeant Spearmen,Infantry,Spearmen,60,5,Normal,Trained,420,155,85,65,billman,7,3,9,0,3,6,1,True,True,True,Bonus vs. cavalry = 8,0,0,0.0,0.0,0,0.0,0,0,0,0,0,0,0.0,0,0,0,0,0,0,0,0,False,False,8
Venice,Dismounted Feudal Knights,Infantry,Heavy,48,9,Normal,Trained,570,225,90,70,knight,13,3,21,7,8,6,1,True,True,True,,0,True,0.0,0.0,0,0.0,0,0,0,0,0,0,0.0,0,0,0,0,0,0,0,0,False,False,0
Venice,Dismounted Men at Arms,Infantry,Heavy,48,5,Normal,Trained,460,225,75,55,knight,11,2,21,8,7,6,1,True,True,True,,0,True,0.0,0.0,0,0.0,0,0,0,0,0,0,0.0,0,0,0,0,0,0,0,0,False,False,0
Venice,Venetian Heavy Infantry,Infantry,Heavy,48,5,Normal,Trained,640,150,75,55,axe,16,5,16,7,3,6,1,True,True,True,Armour piercing,0,True,0.0,0.0,0,0.0,0,0,0,0,0,0,0.0,0,0,0,0,0,0,0,0,True,False,0
Venice,Pavise Crossbow Militia,Infantry,Missile,48,3,Normal,Trained,490,100,65,50,crossbow,12,1,14,5,3,6,1,True,True,True,Armour piercing,True,0,160.0,30.0,Weak sword (Melee),6.0,0,0,0,0,0,0,0.0,0,0,0,0,0,0,0,0,False,True,0
Venice,Peasant Archers,Infantry,Missile,48,3,Normal,Untrained,220,100,65,50,archer,5,1,1,0,1,0,1,True,True,True,,0,0,120.0,30.0,Knife (Melee),2.0,0,0,0,0,0,0,0.0,0,0,0,0,0,0,0,0,False,False,0
Venice,Peasant Crossbowmen,Infantry,Missile,48,3,Normal,Untrained,220,100,65,50,crossbow,9,1,1,0,1,0,1,True,True,True,Armour piercing,0,0,120.0,30.0,Knife (Melee),2.0,0,0,0,0,0,0,0.0,0,0,0,0,0,0,0,0,False,True,0
Venice,Venetian Archers,Infantry,Missile,48,5,Normal,Trained,610,150,75,55,archer,9,2,13,7,6,0,1,True,True,True,,0,0,160.0,30.0,Sword (Melee),11.0,0,0,0,0,0,0,0.0,0,0,0,0,0,0,0,0,False,False,0
Venice,Mounted Sergeants,Cavalry,Light,32,5,Normal,Trained,470,175,100,75,cavalry,9,3,13,4,5,4,1,True,True,True,,0,0,0.0,0.0,Cavalry sword (Melee),9.0,Heavy horse,True,0,0,0,0,0.0,0,0,0,0,0,0,0,0,False,False,0
Venice,Stradiots,Cavalry,Light,32,9,Normal,Trained,610,210,120,95,cavalry,11,4,10,4,6,0,1,True,True,True,Armour piercing,0,True,0.0,0.0,Cavalry mace (Melee),10.0,Fast pony,True,0,0,0,0,0.0,0,0,0,0,0,0,0,0,True,False,0
Venice,Broken Lances,Cavalry,Heavy,32,9,Low,Trained,730,320,120,95,cavalry,10,4,13,9,4,0,1,True,True,True,,0,0,0.0,0.0,Cavalry sword (Melee),11.0,Heavy horse,True,0,0,0,0,0.0,0,0,True,0,0,0,0,0,False,False,0
Venice,Cavalry Militia,Cavalry,Heavy,32,5,Low,Trained,540,150,100,75,cavalry,8,3,15,7,4,4,1,True,True,True,,True,0,0.0,0.0,Cavalry sword (Melee),9.0,Heavy horse,True,0,0,0,0,0.0,0,0,0,0,0,0,0,0,False,False,0
Venice,Feudal Knights,Cavalry,Heavy,32,9,Impetuous,Trained,730,250,120,95,cavalry,10,4,16,7,5,4,1,True,True,True,,0,True,0.0,0.0,Cavalry sword (Melee),11.0,Barded horse,True,0,0,0,0,0.0,0,0,True,0,0,0,0,0,False,False,0
Venice,General's Bodyguard Early,Cavalry,Heavy,16,11,Normal,Trained,820,250,120,95,cavalry,13,4,32,7,5,4,2,True,True,True,,0,0,0.0,0.0,Cavalry sword (Melee),14.0,Barded horse,0,True,0,0,0,0.0,0,0,0,0,0,0,0,0,False,False,0
Venice,General's Bodyguard Late,Cavalry,Heavy,16,11,Normal,Trained,870,250,120,95,cavalry,13,4,34,9,5,3,2,True,True,True,,0,0,0.0,0.0,Cavalry sword (Melee),14.0,Armoured horse,0,True,0,0,0,0.0,0,0,0,0,0,0,0,0,False,False,0
Venice,Knights Hospitaller,Cavalry,Heavy,32,11,Normal,Highly trained,880,250,130,100,cavalry,13,4,16,7,5,4,1,True,True,True,,0,True,0.0,0.0,Cavalry sword (Melee),14.0,Barded horse,True,0,0,0,0,0.0,0,0,True,0,0,0,0,0,False,False,0
Venice,Knights Templar,Cavalry,Heavy,32,11,Impetuous,Highly trained,880,250,130,100,cavalry,13,4,16,7,5,4,1,True,True,True,,0,True,0.0,0.0,Cavalry sword (Melee),14.0,Mailed horse,True,0,0,0,0,0.0,0,0,True,0,0,0,0,0,False,False,0
Venice,Mailed Knights,Cavalry,Heavy,32,9,Low,Trained,680,250,120,95,cavalry,10,4,14,5,5,4,1,True,True,True,,0,True,0.0,0.0,Cavalry sword (Melee),11.0,Heavy horse,True,0,0,0,0,0.0,0,0,True,0,0,0,0,0,False,False,0
Venice,Men At Arms,Cavalry,Heavy,32,5,Low,Trained,580,250,100,75,cavalry,8,3,15,8,3,4,1,True,True,True,,0,0,0.0,0.0,Cavalry sword (Melee),9.0,Barded horse,True,0,0,0,0,0.0,0,0,True,0,0,0,0,0,False,False,0
